codigo_recurso,tipo_generacion,combustible,estado
2QBW,HIDRAULICA,AGUA,OPERACION
2QEK,HIDRAULICA,AGUA,OPERACION
2QRL,HIDRAULICA,AGUA,OPERACION
2QV2,HIDRAULICA,AGUA,OPERACION
2R22,HIDRAULICA,AGUA,OPERACION
2S6Q,TERMICA,BIOGAS,OPERACION
2S6S,TERMICA,CARBON,OPERACION
2S6U,HIDRAULICA,AGUA,OPERACION
2S78,HIDRAULICA,AGUA,OPERACION
2S8G,TERMICA,CARBON,PRUEBAS
2S8I,TERMICA,GAS,OPERACION
2S8N,HIDRAULICA,AGUA,OPERACION
2S8S,TERMICA,BIOGAS,OPERACION
2S8U,HIDRAULICA,AGUA,OPERACION
2S9L,HIDRAULICA,AGUA,OPERACION
2S9Q,TERMICA,BIOGAS,OPERACION
2SDR,HIDRAULICA,AGUA,OPERACION
2SI1,HIDRAULICA,AGUA,OPERACION
2SS2,HIDRAULICA,AGUA,OPERACION
2SW1,HIDRAULICA,AGUA,OPERACION
2SXQ,COGENERADOR,BAGAZO,OPERACION
2T1L,HIDRAULICA,AGUA,OPERACION
2T4P,HIDRAULICA,AGUA,OPERACION
2T7D,HIDRAULICA,AGUA,OPERACION
2TUT,HIDRAULICA,AGUA,OPERACION
2TUV,HIDRAULICA,AGUA,OPERACION
2TYI,SOLAR,RAD SOLAR,OPERACION
2U1G,HIDRAULICA,AGUA,OPERACION
2U5P,TERMICA,CARBON,OPERACION
2U8Y,TERMICA,GAS,OPERACION
2U91,TERMICA,GAS,OPERACION
2U93,TERMICA,GAS,OPERACION
2UP2,COGENERADOR,BAGAZO,OPERACION
2UPD,HIDRAULICA,AGUA,OPERACION
2UPF,HIDRAULICA,AGUA,OPERACION
2UPH,HIDRAULICA,AGUA,OPERACION
2UPJ,HIDRAULICA,AGUA,OPERACION
2UR5,HIDRAULICA,AGUA,OPERACION
2UX3,HIDRAULICA,AGUA,OPERACION
2V25,TERMICA,CARBON,OPERACION
2V27,TERMICA,GAS,OPERACION
2V5G,HIDRAULICA,AGUA,OPERACION
2VJS,SOLAR,RAD SOLAR,OPERACION
2WC5,HIDRAULICA,AGUA,OPERACION
2WFN,TERMICA,GAS,OPERACION
2XXR,TERMICA,GAS,OPERACION
2YB9,TERMICA,GAS,PRUEBAS
2YIR,HIDRAULICA,AGUA,OPERACION
2YMA,SOLAR,RAD SOLAR,OPERACION
2YNA,HIDRAULICA,AGUA,OPERACION
2YQM,SOLAR,RAD SOLAR,OPERACION
2YWY,TERMICA,GAS,OPERACION
2Z66,SOLAR,RAD SOLAR,OPERACION
2ZCF,HIDRAULICA,AGUA,OPERACION
2ZHY,SOLAR,RAD SOLAR,OPERACION
2ZJT,SOLAR,RAD SOLAR,OPERACION
2ZM3,SOLAR,RAD SOLAR,OPERACION
2ZMH,SOLAR,RAD SOLAR,OPERACION
2ZMJ,SOLAR,RAD SOLAR,OPERACION
2ZML,SOLAR,RAD SOLAR,OPERACION
2ZP9,SOLAR,RAD SOLAR,OPERACION
2ZS3,SOLAR,RAD SOLAR,OPERACION
2ZXL,SOLAR,RAD SOLAR,OPERACION
2ZXN,SOLAR,RAD SOLAR,OPERACION
3A44,SOLAR,RAD SOLAR,OPERACION
3A45,SOLAR,RAD SOLAR,OPERACION
3A47,SOLAR,RAD SOLAR,OPERACION
3A4R,SOLAR,RAD SOLAR,OPERACION
3A7F,SOLAR,RAD SOLAR,OPERACION
3AB6,SOLAR,RAD SOLAR,OPERACION
3AB8,SOLAR,RAD SOLAR,OPERACION
3ACC,SOLAR,RAD SOLAR,OPERACION
3ADA,TERMICA,BIOGAS,OPERACION
3AFQ,HIDRAULICA,AGUA,OPERACION
3AL4,SOLAR,RAD SOLAR,OPERACION
3AL6,TERMICA,BIOGAS,OPERACION
3ANH,SOLAR,RAD SOLAR,OPERACION
3AOY,SOLAR,RAD SOLAR,OPERACION
3AQP,HIDRAULICA,AGUA,OPERACION
3AR2,SOLAR,RAD SOLAR,OPERACION
3AWC,SOLAR,RAD SOLAR,OPERACION
3AXV,TERMICA,BAGAZO,OPERACION
3B4G,SOLAR,RAD SOLAR,OPERACION
3B4L,SOLAR,RAD SOLAR,OPERACION
3BCM,SOLAR,RAD SOLAR,OPERACION
3BCR,SOLAR,RAD SOLAR,OPERACION
3BFL,SOLAR,RAD SOLAR,OPERACION
3BFN,SOLAR,RAD SOLAR,OPERACION
3BJG,SOLAR,RAD SOLAR,OPERACION
3BJN,SOLAR,RAD SOLAR,OPERACION
3BJP,SOLAR,RAD SOLAR,OPERACION
3BJR,SOLAR,RAD SOLAR,OPERACION
3BM1,SOLAR,RAD SOLAR,OPERACION
3BNL,SOLAR,RAD SOLAR,OPERACION
3BPX,SOLAR,RAD SOLAR,OPERACION
3BXX,SOLAR,RAD SOLAR,OPERACION
3BYG,SOLAR,RAD SOLAR,OPERACION
3BZB,SOLAR,RAD SOLAR,OPERACION
3C37,SOLAR,RAD SOLAR,PRUEBAS
3C39,SOLAR,RAD SOLAR,PRUEBAS
3C3B,SOLAR,RAD SOLAR,OPERACION
3C3D,SOLAR,RAD SOLAR,OPERACION
3C3X,TERMICA,BAGAZO,OPERACION
3C3Z,SOLAR,RAD SOLAR,OPERACION
3C4J,SOLAR,RAD SOLAR,OPERACION
3C4L,SOLAR,RAD SOLAR,OPERACION
3C4N,SOLAR,RAD SOLAR,OPERACION
3C4P,SOLAR,RAD SOLAR,OPERACION
3C4R,SOLAR,RAD SOLAR,OPERACION
3C4T,SOLAR,RAD SOLAR,OPERACION
3C4V,TERMICA,GAS,OPERACION
3CC3,SOLAR,RAD SOLAR,OPERACION
3CCW,SOLAR,RAD SOLAR,OPERACION
3CDX,SOLAR,RAD SOLAR,OPERACION
3CG9,HIDRAULICA,AGUA,OPERACION
3CGB,SOLAR,RAD SOLAR,PRUEBAS
3CKF,SOLAR,RAD SOLAR,PRUEBAS
3CKQ,SOLAR,RAD SOLAR,PRUEBAS
3CL1,SOLAR,RAD SOLAR,OPERACION
3CN1,SOLAR,RAD SOLAR,PRUEBAS
3CPK,SOLAR,RAD SOLAR,PRUEBAS
3CSF,SOLAR,RAD SOLAR,PRUEBAS
3CSH,SOLAR,RAD SOLAR,OPERACION
3CUW,SOLAR,RAD SOLAR,OPERACION
3D3O,SOLAR,RAD SOLAR,OPERACION
3D6C,SOLAR,RAD SOLAR,OPERACION
3D8B,SOLAR,RAD SOLAR,OPERACION
3D8D,SOLAR,RAD SOLAR,OPERACION
3D8F,SOLAR,RAD SOLAR,OPERACION
3DBG,SOLAR,RAD SOLAR,OPERACION
3DBI,SOLAR,RAD SOLAR,OPERACION
3DDT,SOLAR,RAD SOLAR,PRUEBAS
3DGL,SOLAR,RAD SOLAR,OPERACION
3DIH,SOLAR,RAD SOLAR,OPERACION
3DIJ,SOLAR,RAD SOLAR,OPERACION
3DKZ,SOLAR,RAD SOLAR,OPERACION
3DL2,SOLAR,RAD SOLAR,OPERACION
3DM3,SOLAR,RAD SOLAR,OPERACION
3DP6,SOLAR,RAD SOLAR,OPERACION
3DP8,SOLAR,RAD SOLAR,OPERACION
3DPN,SOLAR,RAD SOLAR,OPERACION
3DQA,SOLAR,RAD SOLAR,OPERACION
3DQC,SOLAR,RAD SOLAR,OPERACION
3DSO,SOLAR,RAD SOLAR,OPERACION
3DST,SOLAR,RAD SOLAR,OPERACION
3DXJ,HIDRAULICA,AGUA,OPERACION
3E1W,SOLAR,RAD SOLAR,OPERACION
3E2I,SOLAR,RAD SOLAR,OPERACION
3E5O,SOLAR,RAD SOLAR,OPERACION
3E6A,SOLAR,RAD SOLAR,OPERACION
3E6C,SOLAR,RAD SOLAR,OPERACION
3E7C,SOLAR,RAD SOLAR,OPERACION
3E8U,SOLAR,RAD SOLAR,OPERACION
3E8W,SOLAR,RAD SOLAR,OPERACION
3E9G,SOLAR,RAD SOLAR,OPERACION
3E9I,HIDRAULICA,AGUA,OPERACION
3EAO,SOLAR,RAD SOLAR,OPERACION
3EBN,SOLAR,RAD SOLAR,OPERACION
3ECW,SOLAR,RAD SOLAR,OPERACION
3ED1,HIDRAULICA,AGUA,OPERACION
3EDL,SOLAR,RAD SOLAR,OPERACION
3EE4,EOLICA,VIENTO,PRUEBAS
3EEE,SOLAR,RAD SOLAR,OPERACION
3EEG,SOLAR,RAD SOLAR,OPERACION
3EEI,SOLAR,RAD SOLAR,OPERACION
3EFT,SOLAR,RAD SOLAR,OPERACION
3EFW,SOLAR,RAD SOLAR,OPERACION
3EFY,SOLAR,RAD SOLAR,OPERACION
3EG2,SOLAR,RAD SOLAR,OPERACION
3EGG,SOLAR,RAD SOLAR,OPERACION
3EGI,SOLAR,RAD SOLAR,OPERACION
3EGK,SOLAR,RAD SOLAR,OPERACION
3EGM,SOLAR,RAD SOLAR,OPERACION
3EGO,SOLAR,RAD SOLAR,OPERACION
3EGQ,SOLAR,RAD SOLAR,OPERACION
3EGS,SOLAR,RAD SOLAR,OPERACION
3EGU,SOLAR,RAD SOLAR,OPERACION
3EGW,SOLAR,RAD SOLAR,OPERACION
3EHZ,SOLAR,RAD SOLAR,OPERACION
3EJI,SOLAR,RAD SOLAR,OPERACION
3EJK,SOLAR,RAD SOLAR,OPERACION
3EJM,SOLAR,RAD SOLAR,OPERACION
3EJO,SOLAR,RAD SOLAR,OPERACION
3EL3,SOLAR,RAD SOLAR,OPERACION
3EL5,SOLAR,RAD SOLAR,OPERACION
3EL7,SOLAR,RAD SOLAR,OPERACION
3EL9,SOLAR,RAD SOLAR,OPERACION
3EM4,SOLAR,RAD SOLAR,OPERACION
3EM6,SOLAR,RAD SOLAR,OPERACION
3EM8,SOLAR,RAD SOLAR,OPERACION
3ENA,TERMICA,GAS,OPERACION
3ENC,SOLAR,RAD SOLAR,OPERACION
3ENE,SOLAR,RAD SOLAR,OPERACION
3EO1,SOLAR,RAD SOLAR,OPERACION
3EO3,SOLAR,RAD SOLAR,OPERACION
3EO5,SOLAR,RAD SOLAR,OPERACION
3EO7,SOLAR,RAD SOLAR,OPERACION
3EP6,SOLAR,RAD SOLAR,OPERACION
3EPJ,SOLAR,RAD SOLAR,OPERACION
3EPL,SOLAR,RAD SOLAR,OPERACION
3EPN,SOLAR,RAD SOLAR,OPERACION
3ESO,SOLAR,RAD SOLAR,OPERACION
3EV1,SOLAR,RAD SOLAR,OPERACION
3EV3,SOLAR,RAD SOLAR,OPERACION
3EX9,SOLAR,RAD SOLAR,OPERACION
3EXB,SOLAR,RAD SOLAR,OPERACION
3EXH,EOLICA,VIENTO,PRUEBAS
3F2N,SOLAR,RAD SOLAR,OPERACION
3F2P,SOLAR,RAD SOLAR,OPERACION
3F3A,SOLAR,RAD SOLAR,OPERACION
3F3C,SOLAR,RAD SOLAR,OPERACION
3F4K,SOLAR,RAD SOLAR,OPERACION
3F4M,SOLAR,RAD SOLAR,OPERACION
3F5L,SOLAR,RAD SOLAR,OPERACION
3F5N,SOLAR,RAD SOLAR,OPERACION
3F7M,SOLAR,RAD SOLAR,OPERACION
3F81,SOLAR,RAD SOLAR,OPERACION
3F83,SOLAR,RAD SOLAR,OPERACION
3F8W,SOLAR,RAD SOLAR,OPERACION
3F9S,SOLAR,RAD SOLAR,OPERACION
3F9U,SOLAR,RAD SOLAR,OPERACION
3FC7,SOLAR,RAD SOLAR,OPERACION
3FC9,SOLAR,RAD SOLAR,OPERACION
3FCB,SOLAR,RAD SOLAR,OPERACION
3FCD,SOLAR,RAD SOLAR,OPERACION
3FCF,SOLAR,RAD SOLAR,OPERACION
3FD6,SOLAR,RAD SOLAR,OPERACION
3FD8,SOLAR,RAD SOLAR,OPERACION
3FEI,SOLAR,RAD SOLAR,OPERACION
3FEK,SOLAR,RAD SOLAR,OPERACION
3GFD,SOLAR,RAD SOLAR,OPERACION
3GFI,SOLAR,RAD SOLAR,OPERACION
3GFK,SOLAR,RAD SOLAR,OPERACION
3GFM,SOLAR,RAD SOLAR,OPERACION
3GFO,SOLAR,RAD SOLAR,OPERACION
3GFQ,SOLAR,RAD SOLAR,OPERACION
3GHQ,SOLAR,RAD SOLAR,OPERACION
3GI4,SOLAR,RAD SOLAR,OPERACION
3GI6,SOLAR,RAD SOLAR,OPERACION
3GI8,SOLAR,RAD SOLAR,OPERACION
3GJQ,SOLAR,RAD SOLAR,OPERACION
3GJS,SOLAR,RAD SOLAR,OPERACION
3GJU,TERMICA,BAGAZO,OPERACION
3GPV,SOLAR,RAD SOLAR,OPERACION
3GPX,SOLAR,RAD SOLAR,OPERACION
3GPZ,SOLAR,RAD SOLAR,OPERACION
3GRD,SOLAR,RAD SOLAR,OPERACION
3GSD,SOLAR,RAD SOLAR,OPERACION
3GSF,SOLAR,RAD SOLAR,OPERACION
3GTQ,SOLAR,RAD SOLAR,OPERACION
3GTS,SOLAR,RAD SOLAR,OPERACION
3GTU,SOLAR,RAD SOLAR,OPERACION
3GUT,SOLAR,RAD SOLAR,OPERACION
3GVE,SOLAR,RAD SOLAR,OPERACION
3GVG,SOLAR,RAD SOLAR,OPERACION
3GVI,SOLAR,RAD SOLAR,OPERACION
3GVK,SOLAR,RAD SOLAR,OPERACION
3GVM,SOLAR,RAD SOLAR,OPERACION
3GWG,SOLAR,RAD SOLAR,OPERACION
3GX5,SOLAR,RAD SOLAR,OPERACION
3GX7,SOLAR,RAD SOLAR,OPERACION
3GZQ,SOLAR,RAD SOLAR,OPERACION
3GZS,SOLAR,RAD SOLAR,OPERACION
3GZU,SOLAR,RAD SOLAR,OPERACION
3H2A,SOLAR,RAD SOLAR,OPERACION
3H2I,SOLAR,RAD SOLAR,OPERACION
3H2U,HIDRAULICA,AGUA,PRUEBAS
3H2W,SOLAR,RAD SOLAR,OPERACION
3H31,SOLAR,RAD SOLAR,OPERACION
3H5W,SOLAR,RAD SOLAR,OPERACION
3H5Y,SOLAR,RAD SOLAR,OPERACION
3H61,SOLAR,RAD SOLAR,OPERACION
3H7S,SOLAR,RAD SOLAR,OPERACION
3H9C,SOLAR,RAD SOLAR,OPERACION
3H9E,SOLAR,RAD SOLAR,OPERACION
3HBJ,SOLAR,RAD SOLAR,OPERACION
3HBL,SOLAR,RAD SOLAR,OPERACION
3HBN,SOLAR,RAD SOLAR,OPERACION
3HBP,SOLAR,RAD SOLAR,OPERACION
3HBR,SOLAR,RAD SOLAR,OPERACION
3HBT,SOLAR,RAD SOLAR,OPERACION
3HDE,HIDRAULICA,AGUA,OPERACION
3HDG,HIDRAULICA,AGUA,OPERACION
3HE4,SOLAR,RAD SOLAR,OPERACION
3HE8,SOLAR,RAD SOLAR,OPERACION
3HF5,SOLAR,RAD SOLAR,PRUEBAS
3HF7,SOLAR,RAD SOLAR,OPERACION
3HF9,SOLAR,RAD SOLAR,OPERACION
3HFV,SOLAR,RAD SOLAR,OPERACION
3HG5,SOLAR,RAD SOLAR,OPERACION
3HG7,SOLAR,RAD SOLAR,OPERACION
3HG9,SOLAR,RAD SOLAR,OPERACION
3HGI,SOLAR,RAD SOLAR,OPERACION
3HH7,SOLAR,RAD SOLAR,OPERACION
3HH9,SOLAR,RAD SOLAR,OPERACION
3HIA,SOLAR,RAD SOLAR,OPERACION
3HJE,SOLAR,RAD SOLAR,OPERACION
3HKK,SOLAR,RAD SOLAR,OPERACION
3HL2,SOLAR,RAD SOLAR,OPERACION
3HL9,SOLAR,RAD SOLAR,OPERACION
3HLB,SOLAR,RAD SOLAR,OPERACION
3HLD,SOLAR,RAD SOLAR,OPERACION
3HQW,SOLAR,RAD SOLAR,OPERACION
3HQY,SOLAR,RAD SOLAR,OPERACION
3HR1,SOLAR,RAD SOLAR,OPERACION
3HRC,SOLAR,RAD SOLAR,OPERACION
3HRU,SOLAR,RAD SOLAR,OPERACION
3HS5,SOLAR,RAD SOLAR,OPERACION
3HS7,SOLAR,RAD SOLAR,OPERACION
3HS9,SOLAR,RAD SOLAR,OPERACION
3HTH,SOLAR,RAD SOLAR,OPERACION
3HTJ,SOLAR,RAD SOLAR,OPERACION
3HTL,SOLAR,RAD SOLAR,OPERACION
3HTN,SOLAR,RAD SOLAR,OPERACION
3HWK,SOLAR,RAD SOLAR,OPERACION
3HWM,SOLAR,RAD SOLAR,OPERACION
3HYG,SOLAR,RAD SOLAR,OPERACION
3I3I,SOLAR,RAD SOLAR,OPERACION
3I3K,SOLAR,RAD SOLAR,OPERACION
3I3M,SOLAR,RAD SOLAR,OPERACION
3I3O,SOLAR,RAD SOLAR,OPERACION
3I3Q,SOLAR,RAD SOLAR,OPERACION
3I4A,SOLAR,RAD SOLAR,OPERACION
3I4C,SOLAR,RAD SOLAR,OPERACION
3I6L,SOLAR,RAD SOLAR,OPERACION
3I6N,SOLAR,RAD SOLAR,OPERACION
3I6P,SOLAR,RAD SOLAR,OPERACION
3I6R,SOLAR,RAD SOLAR,OPERACION
3I6V,SOLAR,RAD SOLAR,OPERACION
3I6X,SOLAR,RAD SOLAR,OPERACION
3I71,SOLAR,RAD SOLAR,OPERACION
3I73,SOLAR,RAD SOLAR,OPERACION
3ICX,SOLAR,RAD SOLAR,OPERACION
3ICZ,SOLAR,RAD SOLAR,OPERACION
3ID2,SOLAR,RAD SOLAR,OPERACION
3ID4,SOLAR,RAD SOLAR,OPERACION
3ID6,SOLAR,RAD SOLAR,OPERACION
3II2,SOLAR,RAD SOLAR,OPERACION
3II4,SOLAR,RAD SOLAR,OPERACION
3II6,SOLAR,RAD SOLAR,OPERACION
3II8,SOLAR,RAD SOLAR,OPERACION
3IIA,SOLAR,RAD SOLAR,OPERACION
3IIC,SOLAR,RAD SOLAR,OPERACION
3IIE,SOLAR,RAD SOLAR,OPERACION
3IIG,SOLAR,RAD SOLAR,OPERACION
3III,SOLAR,RAD SOLAR,OPERACION
3IIK,SOLAR,RAD SOLAR,OPERACION
3IIM,SOLAR,RAD SOLAR,OPERACION
3IIO,SOLAR,RAD SOLAR,OPERACION
3IIQ,SOLAR,RAD SOLAR,OPERACION
3IIT,SOLAR,RAD SOLAR,OPERACION
3IIV,SOLAR,RAD SOLAR,OPERACION
3IJF,TERMICA,GAS,OPERACION
3IML,SOLAR,RAD SOLAR,OPERACION
3IMN,SOLAR,RAD SOLAR,OPERACION
3INT,SOLAR,RAD SOLAR,OPERACION
3INX,SOLAR,RAD SOLAR,PRUEBAS
3IOY,SOLAR,RAD SOLAR,OPERACION
3IP1,SOLAR,RAD SOLAR,OPERACION
3IP3,SOLAR,RAD SOLAR,OPERACION
3IP5,SOLAR,RAD SOLAR,OPERACION
3IP7,SOLAR,RAD SOLAR,OPERACION
3IQ2,SOLAR,RAD SOLAR,OPERACION
3IQA,SOLAR,RAD SOLAR,PRUEBAS
3IRI,HIDRAULICA,AGUA,PRUEBAS
3IRX,SOLAR,RAD SOLAR,OPERACION
3IRZ,HIDRAULICA,AGUA,OPERACION
3IS2,SOLAR,RAD SOLAR,OPERACION
3ISD,SOLAR,RAD SOLAR,OPERACION
3ITE,SOLAR,RAD SOLAR,OPERACION
3ITG,SOLAR,RAD SOLAR,OPERACION
3ITI,SOLAR,RAD SOLAR,OPERACION
3ITK,SOLAR,RAD SOLAR,OPERACION
3ITM,SOLAR,RAD SOLAR,OPERACION
3ITO,SOLAR,RAD SOLAR,OPERACION
3ITQ,SOLAR,RAD SOLAR,OPERACION
3IUT,SOLAR,RAD SOLAR,OPERACION
3IUZ,SOLAR,RAD SOLAR,OPERACION
3IZ6,SOLAR,RAD SOLAR,PRUEBAS
3IZQ,SOLAR,RAD SOLAR,OPERACION
3IZS,SOLAR,RAD SOLAR,OPERACION
3IZU,SOLAR,RAD SOLAR,OPERACION
3IZW,SOLAR,RAD SOLAR,OPERACION
3J1J,SOLAR,RAD SOLAR,OPERACION
3J2B,SOLAR,RAD SOLAR,OPERACION
3J2H,SOLAR,RAD SOLAR,OPERACION
3J2K,SOLAR,RAD SOLAR,OPERACION
3J2O,SOLAR,RAD SOLAR,OPERACION
3J2Q,SOLAR,RAD SOLAR,OPERACION
3J2Y,SOLAR,RAD SOLAR,OPERACION
3J31,SOLAR,RAD SOLAR,OPERACION
3J33,SOLAR,RAD SOLAR,OPERACION
3J35,SOLAR,RAD SOLAR,OPERACION
3J37,SOLAR,RAD SOLAR,OPERACION
3J39,SOLAR,RAD SOLAR,OPERACION
3J3B,SOLAR,RAD SOLAR,OPERACION
3J3D,SOLAR,RAD SOLAR,OPERACION
3J4D,SOLAR,RAD SOLAR,OPERACION
3J4R,SOLAR,RAD SOLAR,OPERACION
3J4T,SOLAR,RAD SOLAR,OPERACION
3J4V,SOLAR,RAD SOLAR,OPERACION
3J5V,SOLAR,RAD SOLAR,OPERACION
3J5X,SOLAR,RAD SOLAR,OPERACION
3J83,SOLAR,RAD SOLAR,PRUEBAS
3J85,SOLAR,RAD SOLAR,PRUEBAS
3J8B,SOLAR,RAD SOLAR,OPERACION
3J8T,SOLAR,RAD SOLAR,OPERACION
3J8V,SOLAR,RAD SOLAR,OPERACION
3J8X,SOLAR,RAD SOLAR,OPERACION
3J8Z,SOLAR,RAD SOLAR,OPERACION
3JA3,SOLAR,RAD SOLAR,OPERACION
3JBP,SOLAR,RAD SOLAR,OPERACION
3JG3,SOLAR,RAD SOLAR,OPERACION
3JG5,SOLAR,RAD SOLAR,OPERACION
3JHX,SOLAR,RAD SOLAR,OPERACION
3JHZ,SOLAR,RAD SOLAR,OPERACION
3JI2,SOLAR,RAD SOLAR,OPERACION
3JI4,SOLAR,RAD SOLAR,OPERACION
3JNL,SOLAR,RAD SOLAR,OPERACION
3JNN,SOLAR,RAD SOLAR,OPERACION
3JNP,SOLAR,RAD SOLAR,OPERACION
3JNR,TERMICA,GAS,OPERACION
3JP6,SOLAR,RAD SOLAR,OPERACION
3JP8,SOLAR,RAD SOLAR,OPERACION
3JPA,SOLAR,RAD SOLAR,OPERACION
3JPC,SOLAR,RAD SOLAR,PRUEBAS
3JPE,SOLAR,RAD SOLAR,OPERACION
3JPK,SOLAR,RAD SOLAR,OPERACION
3JPM,SOLAR,RAD SOLAR,OPERACION
3JQA,SOLAR,RAD SOLAR,OPERACION
3JQC,SOLAR,RAD SOLAR,OPERACION
3JQE,SOLAR,RAD SOLAR,OPERACION
3JQL,SOLAR,RAD SOLAR,OPERACION
3JQT,SOLAR,RAD SOLAR,OPERACION
3JQV,SOLAR,RAD SOLAR,OPERACION
3JQX,SOLAR,RAD SOLAR,OPERACION
3JQZ,SOLAR,RAD SOLAR,OPERACION
3JR2,SOLAR,RAD SOLAR,OPERACION
3K52,SOLAR,RAD SOLAR,OPERACION
3K54,SOLAR,RAD SOLAR,OPERACION
3K56,SOLAR,RAD SOLAR,OPERACION
3K5A,SOLAR,RAD SOLAR,OPERACION
3K5C,SOLAR,RAD SOLAR,OPERACION
3K5E,SOLAR,RAD SOLAR,OPERACION
3K5G,SOLAR,RAD SOLAR,OPERACION
3K5I,SOLAR,RAD SOLAR,OPERACION
3K5Y,SOLAR,RAD SOLAR,OPERACION
3K6R,SOLAR,RAD SOLAR,OPERACION
3K6T,SOLAR,RAD SOLAR,OPERACION
3K6V,SOLAR,RAD SOLAR,OPERACION
3K6X,SOLAR,RAD SOLAR,OPERACION
3K7L,SOLAR,RAD SOLAR,OPERACION
3K7N,SOLAR,RAD SOLAR,OPERACION
3K7P,SOLAR,RAD SOLAR,OPERACION
3K7R,SOLAR,RAD SOLAR,OPERACION
3K7T,SOLAR,RAD SOLAR,OPERACION
3K88,SOLAR,RAD SOLAR,OPERACION
3K8A,SOLAR,RAD SOLAR,OPERACION
3K8C,SOLAR,RAD SOLAR,PRUEBAS
3K8E,SOLAR,RAD SOLAR,PRUEBAS
3K91,SOLAR,RAD SOLAR,OPERACION
3K93,SOLAR,RAD SOLAR,OPERACION
3KA2,SOLAR,RAD SOLAR,OPERACION
3KA6,SOLAR,RAD SOLAR,OPERACION
3KA8,SOLAR,RAD SOLAR,OPERACION
3KE2,SOLAR,RAD SOLAR,OPERACION
3KE4,SOLAR,RAD SOLAR,OPERACION
3KE6,SOLAR,RAD SOLAR,OPERACION
3KJK,SOLAR,RAD SOLAR,PRUEBAS
3KK1,SOLAR,RAD SOLAR,OPERACION
3KK3,SOLAR,RAD SOLAR,OPERACION
3KK5,SOLAR,RAD SOLAR,OPERACION
3KK7,SOLAR,RAD SOLAR,OPERACION
3KK9,SOLAR,RAD SOLAR,OPERACION
3KKB,SOLAR,RAD SOLAR,OPERACION
3KKD,SOLAR,RAD SOLAR,OPERACION
3KL4,TERMICA,GAS,OPERACION
3KL6,SOLAR,RAD SOLAR,OPERACION
3KL8,SOLAR,RAD SOLAR,OPERACION
3KLA,SOLAR,RAD SOLAR,OPERACION
3KLC,SOLAR,RAD SOLAR,OPERACION
3KLE,SOLAR,RAD SOLAR,OPERACION
3KLG,SOLAR,RAD SOLAR,OPERACION
3KLI,SOLAR,RAD SOLAR,OPERACION
3KLK,SOLAR,RAD SOLAR,OPERACION
3KLM,SOLAR,RAD SOLAR,OPERACION
3KLO,SOLAR,RAD SOLAR,OPERACION
3KLQ,TERMICA,GAS,PRUEBAS
3KLS,SOLAR,RAD SOLAR,OPERACION
3KLU,SOLAR,RAD SOLAR,OPERACION
3KO9,SOLAR,RAD SOLAR,OPERACION
3KOD,SOLAR,RAD SOLAR,OPERACION
3KOJ,SOLAR,RAD SOLAR,OPERACION
3KOL,SOLAR,RAD SOLAR,PRUEBAS
3KOP,SOLAR,RAD SOLAR,OPERACION
3KOR,SOLAR,RAD SOLAR,OPERACION
3KOT,SOLAR,RAD SOLAR,OPERACION
3KOV,SOLAR,RAD SOLAR,OPERACION
3KR2,SOLAR,RAD SOLAR,OPERACION
3KR4,SOLAR,RAD SOLAR,OPERACION
3KR6,SOLAR,RAD SOLAR,OPERACION
3KR8,SOLAR,RAD SOLAR,OPERACION
ABJ1,HIDRAULICA,AGUA,OPERACION
AFR1,HIDRAULICA,AGUA,OPERACION
ALBG,HIDRAULICA,AGUA,OPERACION
ALTG,HIDRAULICA,AGUA,OPERACION
AMA1,HIDRAULICA,AGUA,OPERACION
AMF1,HIDRAULICA,AGUA,OPERACION
AMR1,HIDRAULICA,AGUA,OPERACION
APHA,EOLICA,VIENTO,PRUEBAS
APLU,EOLICA,VIENTO,PRUEBAS
ARG1,TERMICA,GAS,OPERACION
ASN1,HIDRAULICA,AGUA,OPERACION
AYR1,HIDRAULICA,AGUA,OPERACION
BAR1,HIDRAULICA,AGUA,OPERACION
BETA,EOLICA,VIENTO,PRUEBAS
BLL3,HIDRAULICA,AGUA,OPERACION
BLM1,HIDRAULICA,AGUA,OPERACION
BSQ1,HIDRAULICA,AGUA,OPERACION
BYN1,HIDRAULICA,AGUA,OPERACION
CAS1,COGENERADOR,BAGAZO,OPERACION
CCN1,HIDRAULICA,AGUA,OPERACION
CELE,EOLICA,VIENTO,PRUEBAS
CGM1,COGENERADOR,BAGAZO,OPERACION
CHBG,HIDRAULICA,AGUA,OPERACION
CHVR,HIDRAULICA,AGUA,OPERACION
CIP1,COGENERADOR,BAGAZO,OPERACION
CIS1,COGENERADOR,BAGAZO,OPERACION
CLDR,HIDRAULICA,AGUA,OPERACION
CLL1,HIDRAULICA,AGUA,OPERACION
CLMG,HIDRAULICA,AGUA,OPERACION
CMN1,HIDRAULICA,AGUA,OPERACION
CMP2,HIDRAULICA,AGUA,OPERACION
COE1,HIDRAULICA,AGUA,OPERACION
CPT1,HIDRAULICA,AGUA,OPERACION
CQT1,HIDRAULICA,AGUA,OPERACION
CRC1,HIDRAULICA,AGUA,OPERACION
CSC1,HIDRAULICA,AGUA,OPERACION
CTG1,TERMICA,COMBUSTOLEO,OPERACION
CTG2,TERMICA,COMBUSTOLEO,OPERACION
CTG3,TERMICA,COMBUSTOLEO,OPERACION
CUC1,HIDRAULICA,AGUA,OPERACION
CUR1,HIDRAULICA,AGUA,OPERACION
DVS1,HIDRAULICA,AGUA,OPERACION
EPFV,SOLAR,RAD SOLAR,OPERACION
EPSG,SOLAR,RAD SOLAR,PRUEBAS
ESMR,HIDRAULICA,AGUA,OPERACION
FLRD,HIDRAULICA,AGUA,OPERACION
GCA1,HIDRAULICA,AGUA,OPERACION
GCC1,HIDRAULICA,AGUA,OPERACION
GE32,TERMICA,CARBON,OPERACION
GEC3,TERMICA,CARBON,OPERACION
GQA1,HIDRAULICA,AGUA,OPERACION
GTPE,HIDRAULICA,AGUA,OPERACION
GTRG,HIDRAULICA,AGUA,OPERACION
GVIO,HIDRAULICA,AGUA,OPERACION
GYPO,SOLAR,RAD SOLAR,PRUEBAS
HMIN,HIDRAULICA,AGUA,OPERACION
HMLG,HIDRAULICA,AGUA,OPERACION
HMO1,HIDRAULICA,AGUA,OPERACION
HRD1,HIDRAULICA,AGUA,OPERACION
INC1,COGENERADOR,BAGAZO,OPERACION
INS1,HIDRAULICA,AGUA,OPERACION
INT1,HIDRAULICA,AGUA,OPERACION
INZ1,HIDRAULICA,AGUA,OPERACION
IQU1,HIDRAULICA,AGUA,OPERACION
IQU2,HIDRAULICA,AGUA,OPERACION
IRG1,COGENERADOR,BAGAZO,OPERACION
JAGS,HIDRAULICA,AGUA,OPERACION
JPR1,EOLICA,VIENTO,OPERACION
LBR1,HIDRAULICA,AGUA,OPERACION
LCS1,HIDRAULICA,AGUA,OPERACION
LMR1,HIDRAULICA,AGUA,OPERACION
LPLO,HIDRAULICA,AGUA,OPERACION
LTSJ,HIDRAULICA,AGUA,OPERACION
MATA,SOLAR,RAD SOLAR,PRUEBAS
MIR1,HIDRAULICA,AGUA,OPERACION
MNC1,HIDRAULICA,AGUA,OPERACION
MND1,HIDRAULICA,AGUA,OPERACION
MNT1,HIDRAULICA,AGUA,OPERACION
MOY1,HIDRAULICA,AGUA,OPERACION
MRL1,TERMICA,GAS,OPERACION
NAV1,HIDRAULICA,AGUA,OPERACION
NIM1,HIDRAULICA,AGUA,OPERACION
NQU1,HIDRAULICA,AGUA,OPERACION
NTB1,HIDRAULICA,AGUA,OPERACION
OVJ1,HIDRAULICA,AGUA,OPERACION
PES1,HIDRAULICA,AGUA,OPERACION
PGUG,HIDRAULICA,AGUA,OPERACION
PIC1,COGENERADOR,BAGAZO,OPERACION
PJR1,HIDRAULICA,AGUA,OPERACION
PLM1,HIDRAULICA,AGUA,OPERACION
PLU1,HIDRAULICA,AGUA,OPERACION
PLYS,HIDRAULICA,AGUA,OPERACION
PMR1,HIDRAULICA,AGUA,OPERACION
PNC1,COGENERADOR,BAGAZO,OPERACION
PPA1,TERMICA,CARBON,OPERACION
PPA2,TERMICA,CARBON,OPERACION
PPA3,TERMICA,CARBON,OPERACION
PPA4,TERMICA,CARBON,OPERACION
PPN1,COGENERADOR,GAS,OPERACION
PRC2,HIDRAULICA,AGUA,OPERACION
PRC3,HIDRAULICA,AGUA,OPERACION
PRD4,HIDRAULICA,AGUA,OPERACION
PRDO,HIDRAULICA,AGUA,OPERACION
PRG1,TERMICA,GAS,OPERACION
PRG2,TERMICA,GAS,OPERACION
PRV1,HIDRAULICA,AGUA,OPERACION
PST1,HIDRAULICA,AGUA,OPERACION
PTA1,HIDRAULICA,AGUA,OPERACION
PTC1,HIDRAULICA,AGUA,OPERACION
PTG1,HIDRAULICA,AGUA,OPERACION
PTR1,TERMICA,GAS,PRUEBAS
QUI1,HIDRAULICA,AGUA,OPERACION
RBB1,HIDRAULICA,AGUA,OPERACION
RCIO,HIDRAULICA,AGUA,OPERACION
RCL1,HIDRAULICA,AGUA,OPERACION
RFR1,HIDRAULICA,AGUA,OPERACION
RFR2,HIDRAULICA,AGUA,OPERACION
RGR1,HIDRAULICA,AGUA,OPERACION
RGRN,HIDRAULICA,AGUA,OPERACION
RMR1,HIDRAULICA,AGUA,OPERACION
RMYO,HIDRAULICA,AGUA,OPERACION
RNG1,HIDRAULICA,AGUA,OPERACION
RPD1,HIDRAULICA,AGUA,OPERACION
RPL1,COGENERADOR,BAGAZO,OPERACION
SBA1,HIDRAULICA,AGUA,OPERACION
SFC1,HIDRAULICA,AGUA,OPERACION
SJM1,HIDRAULICA,AGUA,OPERACION
SJN1,HIDRAULICA,AGUA,OPERACION
SJOG,HIDRAULICA,AGUA,OPERACION
SLO1,TERMICA,GAS,PRUEBAS
SLO2,TERMICA,GAS,PRUEBAS
SLV1,HIDRAULICA,AGUA,OPERACION
SLVJ,HIDRAULICA,AGUA,OPERACION
SMI1,HIDRAULICA,AGUA,OPERACION
SNC1,HIDRAULICA,AGUA,OPERACION
SNCR,HIDRAULICA,AGUA,OPERACION
SNFR,HIDRAULICA,AGUA,OPERACION
SNS1,HIDRAULICA,AGUA,OPERACION
SNT1,HIDRAULICA,AGUA,OPERACION
SOG1,HIDRAULICA,AGUA,OPERACION
SPY1,HIDRAULICA,AGUA,OPERACION
SRA1,HIDRAULICA,AGUA,OPERACION
STG1,HIDRAULICA,AGUA,OPERACION
SUV1,HIDRAULICA,AGUA,OPERACION
TBQ3,TERMICA,GAS,OPERACION
TBQ4,TERMICA,GAS,OPERACION
TBST,TERMICA,GAS,OPERACION
TCBE,TERMICA,GLP,OPERACION
TCDT,TERMICA,GAS,OPERACION
TDR1,TERMICA,JET-A1,OPERACION
TEC1,TERMICA,ACPM,OPERACION
TFL1,TERMICA,GAS,OPERACION
TFL4,TERMICA,GAS,OPERACION
TGJ1,TERMICA,CARBON,OPERACION
TGJ2,TERMICA,CARBON,OPERACION
TMB1,TERMICA,GAS,OPERACION
TMS1,HIDRAULICA,AGUA,OPERACION
TPD1,TERMICA,GAS,OPERACION
TPUY,SOLAR,RAD SOLAR,PRUEBAS
TR2G,SOLAR,RAD SOLAR,OPERACION
TR3G,SOLAR,RAD SOLAR,OPERACION
TRM1,TERMICA,GAS,OPERACION
TRN1,TERMICA,COMBUSTOLEO,OPERACION
TSJ1,TERMICA,CARBON,OPERACION
TSJ2,TERMICA,CARBON,OPERACION
TSR1,TERMICA,ACPM,OPERACION
TUJ1,HIDRAULICA,AGUA,OPERACION
TVL1,TERMICA,ACPM,OPERACION
TYP1,TERMICA,GAS,OPERACION
TYP2,TERMICA,GAS,OPERACION
TYP3,TERMICA,GAS,OPERACION
TYP4,TERMICA,GAS,OPERACION
TYP5,TERMICA,GAS,OPERACION
UNN1,HIDRAULICA,AGUA,OPERACION
URA1,HIDRAULICA,AGUA,OPERACION
USQ1,HIDRAULICA,AGUA,OPERACION
VLT1,HIDRAULICA,AGUA,OPERACION
VNTA,HIDRAULICA,AGUA,OPERACION
VNTB,HIDRAULICA,AGUA,OPERACION
ZPA2,TERMICA,CARBON,OPERACION
ZPA3,TERMICA,CARBON,OPERACION
ZPA4,TERMICA,CARBON,OPERACION
ZPA5,TERMICA,CARBON,OPERACION
