Id,Values_Code,Values_Name,Values_Type,Values_Disp,Values_RecType,Values_CompanyCode,Values_EnerSource,Values_OperStartdate,Values_State,Date
Sistema,2QBW,EL POPAL,HIDRAULICA,NO DESPACHADO CENTRALMENTE,FILO DE AGUA,ISGG,AGUA,2014-03-31,OPERACION,2024-05-13
Sistema,2QEK,SALTO II,HIDRAULICA,DESPACHADO CENTRALMENTE,FILO DE AGUA,ENDG,AGUA,2014-06-25,OPERACION,2024-05-13
Sistema,2QRL,LA REBUSCA,HIDRAULICA,NO DESPACHADO CENTRALMENTE,GEN. DISTRIBUIDA,HZEG,AGUA,2014-07-24,OPERACION,2024-05-13
Sistema,2QV2,BAJO TULUA,HIDRAULICA,NO DESPACHADO CENTRALMENTE,NORMAL,EPSG,AGUA,2015-01-30,OPERACION,2024-05-13
Sistema,2R22,LAGUNETA,HIDRAULICA,NO DESPACHADO CENTRALMENTE,NORMAL,ENDG,AGUA,2014-12-17,OPERACION,2024-05-13
Sistema,2S6Q,AUTOG YAGUARITO,TERMICA,NO DESPACHADO CENTRALMENTE,AUTOGENERADOR,EMSG,BIOGAS,2016-03-22,OPERACION,2024-05-13
Sistema,2S6S,AUTOG ARGOS YUMBO,TERMICA,NO DESPACHADO CENTRALMENTE,AUTOGENERADOR,EPSG,CARBON,2016-03-20,OPERACION,2024-05-13
Sistema,2S6U,AUTOG ARGOS EL CAIRO,HIDRAULICA,NO DESPACHADO CENTRALMENTE,AUTOGENERADOR,EPMG,AGUA,2017-09-29,OPERACION,2024-05-13
Sistema,2S78,LA FRISOLERA,HIDRAULICA,NO DESPACHADO CENTRALMENTE,GEN. DISTRIBUIDA,GPYG,AGUA,2016-04-29,OPERACION,2024-05-13
Sistema,2S8G,AUTOG ARGOS TOLUVIEJO,TERMICA,NO DESPACHADO CENTRALMENTE,AUTOGENERADOR,EPSG,CARBON,2016-03-03,PRUEBAS,2024-05-13
Sistema,2S8I,AUTOG REFICAR,TERMICA,NO DESPACHADO CENTRALMENTE,AUTOGENERADOR,GECG,GAS,2016-04-26,OPERACION,2024-05-13
Sistema,2S8N,GUAVIO MENOR,HIDRAULICA,NO DESPACHADO CENTRALMENTE,NORMAL,ENDG,AGUA,2016-04-27,OPERACION,2024-05-13
Sistema,2S8S,DOÑA JUANA,TERMICA,NO DESPACHADO CENTRALMENTE,NORMAL,BDJG,BIOGAS,2016-04-29,OPERACION,2024-05-13
Sistema,2S8U,PORCE III MENOR,HIDRAULICA,NO DESPACHADO CENTRALMENTE,NORMAL,EPMG,AGUA,2016-04-25,OPERACION,2024-05-13
Sistema,2S9L,EL COCUYO,HIDRAULICA,NO DESPACHADO CENTRALMENTE,GEN. DISTRIBUIDA,PCYG,AGUA,2016-05-20,OPERACION,2024-05-13
Sistema,2S9Q,TEQUENDAMA BIOGAS,TERMICA,NO DESPACHADO CENTRALMENTE,NORMAL,VESG,BIOGAS,2016-06-25,OPERACION,2024-05-13
Sistema,2SDR,ALEJANDRIA,HIDRAULICA,NO DESPACHADO CENTRALMENTE,NORMAL,GALG,AGUA,2017-03-02,OPERACION,2024-05-13
Sistema,2SI1,MORRO AZUL,HIDRAULICA,NO DESPACHADO CENTRALMENTE,NORMAL,RENG,AGUA,2016-09-10,OPERACION,2024-05-13
Sistema,2SS2,MAGALLO,HIDRAULICA,NO DESPACHADO CENTRALMENTE,NORMAL,HCCG,AGUA,2016-12-22,OPERACION,2024-05-13
Sistema,2SW1,EL EDEN,HIDRAULICA,NO DESPACHADO CENTRALMENTE,NORMAL,PRIG,AGUA,2017-03-02,OPERACION,2024-05-13
Sistema,2SXQ,BIOENERGY,COGENERADOR,NO DESPACHADO CENTRALMENTE,COGENERADOR,CHVG,BAGAZO,2017-04-22,OPERACION,2024-05-13
Sistema,2T1L,EL MOLINO,HIDRAULICA,NO DESPACHADO CENTRALMENTE,NORMAL,ISGG,AGUA,2017-04-19,OPERACION,2024-05-13
Sistema,2T4P,SAN MATIAS,HIDRAULICA,NO DESPACHADO CENTRALMENTE,NORMAL,ISGG,AGUA,2017-04-25,OPERACION,2024-05-13
Sistema,2T7D,AUTOG CANTAYUS,HIDRAULICA,NO DESPACHADO CENTRALMENTE,AUTOGENERADOR,GECG,AGUA,2017-05-20,OPERACION,2024-05-13
Sistema,2TUT,LUZMA I,HIDRAULICA,NO DESPACHADO CENTRALMENTE,NORMAL,ISGG,AGUA,2017-10-07,OPERACION,2024-05-13
Sistema,2TUV,LUZMA II,HIDRAULICA,NO DESPACHADO CENTRALMENTE,NORMAL,ISGG,AGUA,2017-10-07,OPERACION,2024-05-13
Sistema,2TYI,AUTOG CELSIA SOLAR YUMBO,SOLAR,NO DESPACHADO CENTRALMENTE,AUTOGENERADOR,EPSG,RAD SOLAR,2017-09-03,OPERACION,2024-05-13
Sistema,2U1G,LAS PALMAS,HIDRAULICA,NO DESPACHADO CENTRALMENTE,NORMAL,GNCG,AGUA,2017-08-30,OPERACION,2024-05-13
Sistema,2U5P,PROENCA II,TERMICA,NO DESPACHADO CENTRALMENTE,NORMAL,PECG,CARBON,2017-10-10,OPERACION,2024-05-13
Sistema,2U8Y,TERMOMECHERO 5,TERMICA,NO DESPACHADO CENTRALMENTE,NORMAL,TMMG,GAS,2017-12-16,OPERACION,2024-05-13
Sistema,2U91,TERMOMECHERO 6,TERMICA,NO DESPACHADO CENTRALMENTE,NORMAL,TMMG,GAS,2018-02-02,OPERACION,2024-05-13
Sistema,2U93,TERMOMECHERO 4,TERMICA,NO DESPACHADO CENTRALMENTE,NORMAL,TMMG,GAS,2018-02-02,OPERACION,2024-05-13
Sistema,2UP2,COGENERADOR MANUELITA 2,COGENERADOR,NO DESPACHADO CENTRALMENTE,COGENERADOR,EPSG,BAGAZO,2018-06-22,OPERACION,2024-05-13
Sistema,2UPD,TEQUENDAMA 2,HIDRAULICA,NO DESPACHADO CENTRALMENTE,NORMAL,ENDG,AGUA,2018-02-28,OPERACION,2024-05-13
Sistema,2UPF,TEQUENDAMA 3,HIDRAULICA,NO DESPACHADO CENTRALMENTE,NORMAL,ENDG,AGUA,2018-02-28,OPERACION,2024-05-13
Sistema,2UPH,TEQUENDAMA 4,HIDRAULICA,NO DESPACHADO CENTRALMENTE,NORMAL,ENDG,AGUA,2018-02-28,OPERACION,2024-05-13
Sistema,2UPJ,TEQUENDAMA 1,HIDRAULICA,NO DESPACHADO CENTRALMENTE,NORMAL,ENDG,AGUA,2018-02-28,OPERACION,2024-05-13
Sistema,2UR5,SAN JOSE DE LA MONTAÑA II,HIDRAULICA,NO DESPACHADO CENTRALMENTE,NORMAL,GPEG,AGUA,2018-10-06,OPERACION,2024-05-13
Sistema,2UX3,AURES BAJO,HIDRAULICA,NO DESPACHADO CENTRALMENTE,NORMAL,ABAG,AGUA,2018-12-12,OPERACION,2024-05-13
Sistema,2V25,AUTOG ARGOS SOGAMOSO 1,TERMICA,NO DESPACHADO CENTRALMENTE,AUTOGENERADOR,EPMG,CARBON,2018-10-02,OPERACION,2024-05-13
Sistema,2V27,AUTOG COCA-COLA FEMSA,TERMICA,NO DESPACHADO CENTRALMENTE,AUTOGENERADOR,DEPG,GAS,2018-07-25,OPERACION,2024-05-13
Sistema,2V5G,JUAN GARCIA,HIDRAULICA,NO DESPACHADO CENTRALMENTE,NORMAL,GPEG,AGUA,2018-09-12,OPERACION,2024-05-13
Sistema,2VJS,CELSIA SOLAR BOLIVAR,SOLAR,NO DESPACHADO CENTRALMENTE,NORMAL,EPSG,RAD SOLAR,2019-02-03,OPERACION,2024-05-13
Sistema,2WC5,MULATOS II,HIDRAULICA,NO DESPACHADO CENTRALMENTE,NORMAL,ESUG,AGUA,2019-08-26,OPERACION,2024-05-13
Sistema,2WFN,TERMOCAPACHOS,TERMICA,NO DESPACHADO CENTRALMENTE,NORMAL,GSAG,GAS,2019-08-04,OPERACION,2024-05-13
Sistema,2XXR,AGPE - ECOPETROL LA HORMIGA,TERMICA,NO DESPACHADO CENTRALMENTE,AUTOG PEQ. ESCALA,GECG,GAS,2019-09-16,OPERACION,2024-05-13
Sistema,2YB9,AUTOG ECOPETROL ORITO,TERMICA,NO DESPACHADO CENTRALMENTE,AUTOGENERADOR,GECG,GAS,2019-11-07,PRUEBAS,2024-05-13
Sistema,2YIR,PCH LA LIBERTAD,HIDRAULICA,NO DESPACHADO CENTRALMENTE,NORMAL,EGEG,AGUA,2020-03-14,OPERACION,2024-05-13
Sistema,2YMA,AGPE NAFERTEX,SOLAR,NO DESPACHADO CENTRALMENTE,AUTOG PEQ. ESCALA,ETTC,RAD SOLAR,2019-11-27,OPERACION,2024-05-13
Sistema,2YNA,HIDROBARRANCAS,HIDRAULICA,NO DESPACHADO CENTRALMENTE,NORMAL,HBCG,AGUA,2020-11-26,OPERACION,2024-05-13
Sistema,2YQM,AGPE TECNOEMPAQUES DE OCCIDENTE,SOLAR,NO DESPACHADO CENTRALMENTE,AUTOG PEQ. ESCALA,BIAC,RAD SOLAR,2019-12-19,OPERACION,2024-05-13
Sistema,2YWY,AUTOG TURGAS,TERMICA,NO DESPACHADO CENTRALMENTE,AUTOGENERADOR,TRPG,GAS,2020-02-08,OPERACION,2024-05-13
Sistema,2Z66,AGPE SFV MCDONALDS SOLEDAD,SOLAR,NO DESPACHADO CENTRALMENTE,AUTOG PEQ. ESCALA,GNCC,RAD SOLAR,2020-02-27,OPERACION,2024-05-13
Sistema,2ZCF,SAN ANDRES DE CUERQUIA,HIDRAULICA,NO DESPACHADO CENTRALMENTE,NORMAL,EPSG,AGUA,2020-06-11,OPERACION,2024-05-13
Sistema,2ZHY,CELSIA SOLAR ESPINAL,SOLAR,NO DESPACHADO CENTRALMENTE,NORMAL,EPSG,RAD SOLAR,2020-05-31,OPERACION,2024-05-13
Sistema,2ZJT,AGPE HOTEL HACIENDA CASONA DEL SALITRE,SOLAR,NO DESPACHADO CENTRALMENTE,AUTOG PEQ. ESCALA,GNCC,RAD SOLAR,2020-05-21,OPERACION,2024-05-13
Sistema,2ZM3,AGPE DIEGO MONTESDEOCA ASSEFF,SOLAR,NO DESPACHADO CENTRALMENTE,AUTOG PEQ. ESCALA,ETTC,RAD SOLAR,2020-06-11,OPERACION,2024-05-13
Sistema,2ZMH,AGPE DEVIMED MARINILLA,SOLAR,NO DESPACHADO CENTRALMENTE,AUTOG PEQ. ESCALA,NRCC,RAD SOLAR,2020-06-18,OPERACION,2024-05-13
Sistema,2ZMJ,AGPE DEVIMED ENVIGADO,SOLAR,NO DESPACHADO CENTRALMENTE,AUTOG PEQ. ESCALA,NRCC,RAD SOLAR,2020-06-18,OPERACION,2024-05-13
Sistema,2ZML,AGPE DEVIMED BELLO,SOLAR,NO DESPACHADO CENTRALMENTE,AUTOG PEQ. ESCALA,NRCC,RAD SOLAR,2020-06-18,OPERACION,2024-05-13
Sistema,2ZP9,TRINA-VATIA BSLI,SOLAR,NO DESPACHADO CENTRALMENTE,NORMAL,ISGG,RAD SOLAR,2020-09-10,OPERACION,2024-05-13
Sistema,2ZS3,AGPE HERNAN DARIO EUSSE,SOLAR,NO DESPACHADO CENTRALMENTE,AUTOG PEQ. ESCALA,ETTC,RAD SOLAR,2020-07-30,OPERACION,2024-05-13
Sistema,2ZXL,AGPE JUAN CARLOS CALDERON GARCIA,SOLAR,NO DESPACHADO CENTRALMENTE,AUTOG PEQ. ESCALA,NRCC,RAD SOLAR,2020-08-20,OPERACION,2024-05-13
Sistema,2ZXN,AGPE DEVIMED COPACABANACASETA,SOLAR,NO DESPACHADO CENTRALMENTE,AUTOG PEQ. ESCALA,NRCC,RAD SOLAR,2020-08-27,OPERACION,2024-05-13
Sistema,3A44,PLANTA SOLAR BAYUNCA I,SOLAR,NO DESPACHADO CENTRALMENTE,NORMAL,EGRG,RAD SOLAR,2020-09-30,OPERACION,2024-05-13
Sistema,3A45,AGPE  BOSQUES RIVERA II,SOLAR,NO DESPACHADO CENTRALMENTE,AUTOG PEQ. ESCALA,GNCC,RAD SOLAR,2020-09-24,OPERACION,2024-05-13
Sistema,3A47,AGPE EDIFICIO CHICO 103-PH,SOLAR,NO DESPACHADO CENTRALMENTE,AUTOG PEQ. ESCALA,ETTC,RAD SOLAR,2020-09-24,OPERACION,2024-05-13
Sistema,3A4R,AGPE CALZATODO ACOPI YUMBO,SOLAR,NO DESPACHADO CENTRALMENTE,AUTOG PEQ. ESCALA,QIEC,RAD SOLAR,2020-10-01,OPERACION,2024-05-13
Sistema,3A7F,AGPE LICEO NUEVA GENERACIÓN,SOLAR,NO DESPACHADO CENTRALMENTE,AUTOG PEQ. ESCALA,GNCC,RAD SOLAR,2020-10-15,OPERACION,2024-05-13
Sistema,3AB6,AGPE MADOCO SIGLO XXI,SOLAR,NO DESPACHADO CENTRALMENTE,AUTOG PEQ. ESCALA,GNCC,RAD SOLAR,2020-10-29,OPERACION,2024-05-13
Sistema,3AB8,AGPE VENTANAR I,SOLAR,NO DESPACHADO CENTRALMENTE,AUTOG PEQ. ESCALA,RTQC,RAD SOLAR,2020-10-29,OPERACION,2024-05-13
Sistema,3ACC,CELSIA SOLAR CARMELO,SOLAR,NO DESPACHADO CENTRALMENTE,AUTOGENERADOR,EPSG,RAD SOLAR,2020-12-27,OPERACION,2024-05-13
Sistema,3ADA,AUTOG PTAR BELLO,TERMICA,NO DESPACHADO CENTRALMENTE,AUTOGENERADOR,EPMG,BIOGAS,2020-11-30,OPERACION,2024-05-13
Sistema,3AFQ,POCUNE,HIDRAULICA,NO DESPACHADO CENTRALMENTE,NORMAL,RTAG,AGUA,2020-12-01,OPERACION,2024-05-13
Sistema,3AL4,AGPE PLASTICOS MINIPET,SOLAR,NO DESPACHADO CENTRALMENTE,AUTOG PEQ. ESCALA,GNCC,RAD SOLAR,2020-12-31,OPERACION,2024-05-13
Sistema,3AL6,AGPE ENTREPALMAS,TERMICA,NO DESPACHADO CENTRALMENTE,AUTOG PEQ. ESCALA,EPSG,BIOGAS,2020-12-31,OPERACION,2024-05-13
Sistema,3ANH,AGPE PAPEL CARD,SOLAR,NO DESPACHADO CENTRALMENTE,AUTOG PEQ. ESCALA,NEUC,RAD SOLAR,2021-01-07,OPERACION,2024-05-13
Sistema,3AOY,AGPE FODUN,SOLAR,NO DESPACHADO CENTRALMENTE,AUTOG PEQ. ESCALA,NEUC,RAD SOLAR,2021-01-14,OPERACION,2024-05-13
Sistema,3AQP,CAUYA,HIDRAULICA,NO DESPACHADO CENTRALMENTE,NORMAL,SFEG,AGUA,2022-04-25,OPERACION,2024-05-13
Sistema,3AR2,AGPE I.A. INGENIERIA EN ALIMENTOS,SOLAR,NO DESPACHADO CENTRALMENTE,AUTOG PEQ. ESCALA,NEUC,RAD SOLAR,2021-02-04,OPERACION,2024-05-13
Sistema,3AWC,AGPE PROYECTO SOLAR EL ARRIERO,SOLAR,NO DESPACHADO CENTRALMENTE,AUTOG PEQ. ESCALA,GNCC,RAD SOLAR,2021-02-25,OPERACION,2024-05-13
Sistema,3AXV,AGPE INGENIO DE OCCIDENTE,TERMICA,NO DESPACHADO CENTRALMENTE,AUTOG PEQ. ESCALA,EMEG,BAGAZO,2021-03-03,OPERACION,2024-05-13
Sistema,3B4G,AGPE CLODEL,SOLAR,NO DESPACHADO CENTRALMENTE,AUTOG PEQ. ESCALA,NEUC,RAD SOLAR,2021-03-18,OPERACION,2024-05-13
Sistema,3B4L,GRANJA SOLAR BELMONTE,SOLAR,NO DESPACHADO CENTRALMENTE,NORMAL,EEPG,RAD SOLAR,2021-04-30,OPERACION,2024-05-13
Sistema,3BCM,AGPE MUNDO GUARIGUA,SOLAR,NO DESPACHADO CENTRALMENTE,AUTOG PEQ. ESCALA,RTQC,RAD SOLAR,2021-04-08,OPERACION,2024-05-13
Sistema,3BCR,AGPE ALURACK,SOLAR,NO DESPACHADO CENTRALMENTE,AUTOG PEQ. ESCALA,NEUC,RAD SOLAR,2021-04-08,OPERACION,2024-05-13
Sistema,3BFL,AGPE TOSTADITOS SUSANITA,SOLAR,NO DESPACHADO CENTRALMENTE,AUTOG PEQ. ESCALA,NEUC,RAD SOLAR,2021-04-29,OPERACION,2024-05-13
Sistema,3BFN,AGPE FERBIENES,SOLAR,NO DESPACHADO CENTRALMENTE,AUTOG PEQ. ESCALA,NEUC,RAD SOLAR,2021-04-29,OPERACION,2024-05-13
Sistema,3BJG,AGPE NATALIA RAMIREZ,SOLAR,NO DESPACHADO CENTRALMENTE,AUTOG PEQ. ESCALA,NEUC,RAD SOLAR,2021-05-06,OPERACION,2024-05-13
Sistema,3BJN,AGPE EDUARDO BOTERO,SOLAR,NO DESPACHADO CENTRALMENTE,AUTOG PEQ. ESCALA,NEUC,RAD SOLAR,2021-05-13,OPERACION,2024-05-13
Sistema,3BJP,AGPE AGROMONTE POSCOSECHA,SOLAR,NO DESPACHADO CENTRALMENTE,AUTOG PEQ. ESCALA,NRCC,RAD SOLAR,2021-05-13,OPERACION,2024-05-13
Sistema,3BJR,AGPE AGRODEX,SOLAR,NO DESPACHADO CENTRALMENTE,AUTOG PEQ. ESCALA,NEUC,RAD SOLAR,2021-05-13,OPERACION,2024-05-13
Sistema,3BM1,AGPE SOCODA,SOLAR,NO DESPACHADO CENTRALMENTE,AUTOG PEQ. ESCALA,GNCC,RAD SOLAR,2021-05-20,OPERACION,2024-05-13
Sistema,3BNL,AGPE COLOMBOALEMANA,SOLAR,NO DESPACHADO CENTRALMENTE,AUTOG PEQ. ESCALA,RTQC,RAD SOLAR,2021-05-27,OPERACION,2024-05-13
Sistema,3BPX,AGPE DATECSA,SOLAR,NO DESPACHADO CENTRALMENTE,AUTOG PEQ. ESCALA,GNCC,RAD SOLAR,2021-06-03,OPERACION,2024-05-13
Sistema,3BXX,AGPE JUAN CARLOS VILLA,SOLAR,NO DESPACHADO CENTRALMENTE,AUTOG PEQ. ESCALA,NEUC,RAD SOLAR,2021-07-15,OPERACION,2024-05-13
Sistema,3BYG,AGPE SUPERMERCADO EL PROVEEDOR,SOLAR,NO DESPACHADO CENTRALMENTE,AUTOG PEQ. ESCALA,GNCC,RAD SOLAR,2021-07-22,OPERACION,2024-05-13
Sistema,3BZB,CELSIA SOLAR LA PAILA,SOLAR,NO DESPACHADO CENTRALMENTE,NORMAL,EPSG,RAD SOLAR,2021-08-07,OPERACION,2024-05-13
Sistema,3C37,AGPE CASA TADEO ZIRENE,SOLAR,NO DESPACHADO CENTRALMENTE,AUTOG PEQ. ESCALA,GNCC,RAD SOLAR,2021-08-12,PRUEBAS,2024-05-13
Sistema,3C39,AGPE JAIME AMIN,SOLAR,NO DESPACHADO CENTRALMENTE,AUTOG PEQ. ESCALA,GNCC,RAD SOLAR,2021-08-12,PRUEBAS,2024-05-13
Sistema,3C3B,AGPE ANDRES GOMEZ,SOLAR,NO DESPACHADO CENTRALMENTE,AUTOG PEQ. ESCALA,NEUC,RAD SOLAR,2021-08-12,OPERACION,2024-05-13
Sistema,3C3D,AGPE CARLOS ENRIQUE VELEZ,SOLAR,NO DESPACHADO CENTRALMENTE,AUTOG PEQ. ESCALA,NEUC,RAD SOLAR,2021-08-12,OPERACION,2024-05-13
Sistema,3C3X,AUTOG INGENIO MARIA LUISA,TERMICA,NO DESPACHADO CENTRALMENTE,AUTOGENERADOR,DEPG,BAGAZO,2021-08-31,OPERACION,2024-05-13
Sistema,3C3Z,LA SIERPE,SOLAR,NO DESPACHADO CENTRALMENTE,NORMAL,AAGG,RAD SOLAR,2021-09-25,OPERACION,2024-05-13
Sistema,3C4J,AGPE CC PREMIUM PLAZA PH 70973,SOLAR,NO DESPACHADO CENTRALMENTE,AUTOG PEQ. ESCALA,ETTC,RAD SOLAR,2020-10-22,OPERACION,2024-05-13
Sistema,3C4L,AGPE CC PREMIUM PLAZA PH 70970,SOLAR,NO DESPACHADO CENTRALMENTE,AUTOG PEQ. ESCALA,ETTC,RAD SOLAR,2020-10-22,OPERACION,2024-05-13
Sistema,3C4N,AGPE CC PREMIUM PLAZA PH 64929,SOLAR,NO DESPACHADO CENTRALMENTE,AUTOG PEQ. ESCALA,ETTC,RAD SOLAR,2020-10-22,OPERACION,2024-05-13
Sistema,3C4P,AGPE CC PREMIUM PLAZA PH 70972,SOLAR,NO DESPACHADO CENTRALMENTE,AUTOG PEQ. ESCALA,ETTC,RAD SOLAR,2020-10-22,OPERACION,2024-05-13
Sistema,3C4R,AGPE CC PREMIUM PLAZA PH 70971,SOLAR,NO DESPACHADO CENTRALMENTE,AUTOG PEQ. ESCALA,ETTC,RAD SOLAR,2020-10-29,OPERACION,2024-05-13
Sistema,3C4T,AGPE AGROMONTE CASA DE PEDRO,SOLAR,NO DESPACHADO CENTRALMENTE,AUTOG PEQ. ESCALA,NRCC,RAD SOLAR,2021-08-19,OPERACION,2024-05-13
Sistema,3C4V,AUTOG TERMOTAME,TERMICA,NO DESPACHADO CENTRALMENTE,AUTOGENERADOR,GSAG,GAS,2021-09-02,OPERACION,2024-05-13
Sistema,3CC3,AGPE CASA RICHARD - MALIBU,SOLAR,NO DESPACHADO CENTRALMENTE,AUTOG PEQ. ESCALA,ETTC,RAD SOLAR,2021-09-09,OPERACION,2024-05-13
Sistema,3CCW,AGPE FIRPLAK,SOLAR,NO DESPACHADO CENTRALMENTE,AUTOG PEQ. ESCALA,NEUC,RAD SOLAR,2021-09-09,OPERACION,2024-05-13
Sistema,3CDX,AGPE AVICOLA EL MANATIAL,SOLAR,NO DESPACHADO CENTRALMENTE,AUTOG PEQ. ESCALA,QIEC,RAD SOLAR,2021-08-31,OPERACION,2024-05-13
Sistema,3CG9,LA CHORRERA,HIDRAULICA,NO DESPACHADO CENTRALMENTE,NORMAL,HEMG,AGUA,2022-05-31,OPERACION,2024-05-13
Sistema,3CGB,AGPE MADOCO SIGLO XXI SEDE II,SOLAR,NO DESPACHADO CENTRALMENTE,AUTOG PEQ. ESCALA,GNCC,RAD SOLAR,2021-09-30,PRUEBAS,2024-05-13
Sistema,3CKF,AGPE COLUMBUS SCHOOL,SOLAR,NO DESPACHADO CENTRALMENTE,AUTOG PEQ. ESCALA,EPSC,RAD SOLAR,2021-10-31,PRUEBAS,2024-05-13
Sistema,3CKQ,AGPE LA VALLENATA,SOLAR,NO DESPACHADO CENTRALMENTE,AUTOG PEQ. ESCALA,TPLC,RAD SOLAR,2021-10-30,PRUEBAS,2024-05-13
Sistema,3CL1,AGPE 125 GT CARRERA,SOLAR,NO DESPACHADO CENTRALMENTE,AUTOG PEQ. ESCALA,ETTC,RAD SOLAR,2021-09-30,OPERACION,2024-05-13
Sistema,3CN1,AGPE JUAN CARLOS DIAZ,SOLAR,NO DESPACHADO CENTRALMENTE,AUTOG PEQ. ESCALA,NEUC,RAD SOLAR,2021-10-01,PRUEBAS,2024-05-13
Sistema,3CPK,AGPE OLIMPICA PIVIJAY,SOLAR,NO DESPACHADO CENTRALMENTE,AUTOG PEQ. ESCALA,GNCC,RAD SOLAR,2021-10-31,PRUEBAS,2024-05-13
Sistema,3CSF,AGPE SULFOQUIMICAS,SOLAR,NO DESPACHADO CENTRALMENTE,AUTOG PEQ. ESCALA,NEUC,RAD SOLAR,2021-10-29,PRUEBAS,2024-05-13
Sistema,3CSH,GY SOLAR AURORA,SOLAR,NO DESPACHADO CENTRALMENTE,NORMAL,GNYG,RAD SOLAR,2022-08-11,OPERACION,2024-05-13
Sistema,3CUW,AGPE PEDRO LEMUS,SOLAR,NO DESPACHADO CENTRALMENTE,AUTOG PEQ. ESCALA,NEUC,RAD SOLAR,2021-11-11,OPERACION,2024-05-13
Sistema,3D3O,AGPE CLINICA SANTA ANA,SOLAR,NO DESPACHADO CENTRALMENTE,AUTOG PEQ. ESCALA,NEUC,RAD SOLAR,2021-11-25,OPERACION,2024-05-13
Sistema,3D6C,AGPE LICORES DE CUNDINAMARCA,SOLAR,NO DESPACHADO CENTRALMENTE,AUTOG PEQ. ESCALA,GNCC,RAD SOLAR,2021-12-02,OPERACION,2024-05-13
Sistema,3D8B,AGPE INVERSIONES GLP,SOLAR,NO DESPACHADO CENTRALMENTE,AUTOG PEQ. ESCALA,ETTC,RAD SOLAR,2021-12-09,OPERACION,2024-05-13
Sistema,3D8D,AGPE BIOEMPACK,SOLAR,NO DESPACHADO CENTRALMENTE,AUTOG PEQ. ESCALA,NRCC,RAD SOLAR,2021-12-09,OPERACION,2024-05-13
Sistema,3D8F,AGPE NOVATRONICA,SOLAR,NO DESPACHADO CENTRALMENTE,AUTOG PEQ. ESCALA,NRCC,RAD SOLAR,2021-12-09,OPERACION,2024-05-13
Sistema,3DBG,AGPE MANUFACTURAS VICO,SOLAR,NO DESPACHADO CENTRALMENTE,AUTOG PEQ. ESCALA,ETTC,RAD SOLAR,2021-12-16,OPERACION,2024-05-13
Sistema,3DBI,AGPE ALVARO HOYOS,SOLAR,NO DESPACHADO CENTRALMENTE,AUTOG PEQ. ESCALA,NEUC,RAD SOLAR,2021-12-16,OPERACION,2024-05-13
Sistema,3DDT,LATAM SOLAR LA LOMA,SOLAR,DESPACHADO CENTRALMENTE,NORMAL,ENDG,RAD SOLAR,2021-12-31,PRUEBAS,2024-05-13
Sistema,3DGL,AGPE ERIKA MEJIA,SOLAR,NO DESPACHADO CENTRALMENTE,AUTOG PEQ. ESCALA,NEUC,RAD SOLAR,2021-12-30,OPERACION,2024-05-13
Sistema,3DIH,AGPE UNIDROGAS,SOLAR,NO DESPACHADO CENTRALMENTE,AUTOG PEQ. ESCALA,GNCC,RAD SOLAR,2022-01-13,OPERACION,2024-05-13
Sistema,3DIJ,AGPE CASA VALENTINA,SOLAR,NO DESPACHADO CENTRALMENTE,AUTOG PEQ. ESCALA,QIEC,RAD SOLAR,2022-01-13,OPERACION,2024-05-13
Sistema,3DKZ,AGPE CDL LEONISA,SOLAR,NO DESPACHADO CENTRALMENTE,AUTOG PEQ. ESCALA,NEUC,RAD SOLAR,2022-01-20,OPERACION,2024-05-13
Sistema,3DL2,AGPE SOL BEATRIZ ARANGO,SOLAR,NO DESPACHADO CENTRALMENTE,AUTOG PEQ. ESCALA,NEUC,RAD SOLAR,2022-01-20,OPERACION,2024-05-13
Sistema,3DM3,AGPE ELIANA GARZON,SOLAR,NO DESPACHADO CENTRALMENTE,AUTOG PEQ. ESCALA,ETTC,RAD SOLAR,2022-01-27,OPERACION,2024-05-13
Sistema,3DP6,AGPE GT RED SONORA LOS ANDE,SOLAR,NO DESPACHADO CENTRALMENTE,AUTOG PEQ. ESCALA,ENBC,RAD SOLAR,2022-02-03,OPERACION,2024-05-13
Sistema,3DP8,AGPE IE SALAZAR Y HERRERA,SOLAR,NO DESPACHADO CENTRALMENTE,AUTOG PEQ. ESCALA,ETTC,RAD SOLAR,2022-02-03,OPERACION,2024-05-13
Sistema,3DPN,AGPE DORICOLOR,SOLAR,NO DESPACHADO CENTRALMENTE,AUTOG PEQ. ESCALA,NEUC,RAD SOLAR,2022-02-06,OPERACION,2024-05-13
Sistema,3DQA,AGPE AVOFRUIT,SOLAR,NO DESPACHADO CENTRALMENTE,AUTOG PEQ. ESCALA,EEPC,RAD SOLAR,2022-02-10,OPERACION,2024-05-13
Sistema,3DQC,AGPE CLUB CAMPESTRE,SOLAR,NO DESPACHADO CENTRALMENTE,AUTOG PEQ. ESCALA,EEPC,RAD SOLAR,2022-02-10,OPERACION,2024-05-13
Sistema,3DSO,HELIOS I,SOLAR,NO DESPACHADO CENTRALMENTE,NORMAL,EBSG,RAD SOLAR,2022-03-03,OPERACION,2024-05-13
Sistema,3DST,AGPE PCP,SOLAR,NO DESPACHADO CENTRALMENTE,AUTOG PEQ. ESCALA,EEPC,RAD SOLAR,2022-02-24,OPERACION,2024-05-13
Sistema,3DXJ,LAS VIOLETAS,HIDRAULICA,NO DESPACHADO CENTRALMENTE,NORMAL,PCYG,AGUA,2022-03-30,OPERACION,2024-05-13
Sistema,3E1W,AGPE RELIANZ GALAPA,SOLAR,NO DESPACHADO CENTRALMENTE,AUTOG PEQ. ESCALA,ENDC,RAD SOLAR,2022-03-24,OPERACION,2024-05-13
Sistema,3E2I,AGPE EL HUECO BELLEZA,SOLAR,NO DESPACHADO CENTRALMENTE,AUTOG PEQ. ESCALA,GNCC,RAD SOLAR,2022-03-31,OPERACION,2024-05-13
Sistema,3E5O,AGPE EMPAQUETADURAS DARROW,SOLAR,NO DESPACHADO CENTRALMENTE,AUTOG PEQ. ESCALA,GNCC,RAD SOLAR,2022-04-14,OPERACION,2024-05-13
Sistema,3E6A,AGPE COLOMBIANA DE PET,SOLAR,NO DESPACHADO CENTRALMENTE,AUTOG PEQ. ESCALA,NEUC,RAD SOLAR,2022-04-21,OPERACION,2024-05-13
Sistema,3E6C,AGPE AURELIO LLANO,SOLAR,NO DESPACHADO CENTRALMENTE,AUTOG PEQ. ESCALA,NEUC,RAD SOLAR,2022-04-21,OPERACION,2024-05-13
Sistema,3E7C,AUTOG CELSIA SOLAR LEVAPAN,SOLAR,NO DESPACHADO CENTRALMENTE,AUTOGENERADOR,EPSG,RAD SOLAR,2022-06-11,OPERACION,2024-05-13
Sistema,3E8U,AGPE CASA GERMAN ROMERO FRIERI,SOLAR,NO DESPACHADO CENTRALMENTE,AUTOG PEQ. ESCALA,GNCC,RAD SOLAR,2022-05-05,OPERACION,2024-05-13
Sistema,3E8W,AGPE GRANJA SANTA ROSA,SOLAR,NO DESPACHADO CENTRALMENTE,AUTOG PEQ. ESCALA,GNCC,RAD SOLAR,2022-05-05,OPERACION,2024-05-13
Sistema,3E9G,AGPE ARISOL,SOLAR,NO DESPACHADO CENTRALMENTE,AUTOG PEQ. ESCALA,EPSC,RAD SOLAR,2022-05-12,OPERACION,2024-05-13
Sistema,3E9I,ZEUS,HIDRAULICA,NO DESPACHADO CENTRALMENTE,NORMAL,CHZG,AGUA,2022-05-19,OPERACION,2024-05-13
Sistema,3EAO,AGPE AGROINSUMOS,SOLAR,NO DESPACHADO CENTRALMENTE,AUTOG PEQ. ESCALA,EEPC,RAD SOLAR,2022-05-19,OPERACION,2024-05-13
Sistema,3EBN,GR PARQUE SOLAR TUCANES,SOLAR,NO DESPACHADO CENTRALMENTE,NORMAL,EPSG,RAD SOLAR,2022-05-31,OPERACION,2024-05-13
Sistema,3ECW,AGPE PANADERIA ZAPATOCA LA 43,SOLAR,NO DESPACHADO CENTRALMENTE,AUTOG PEQ. ESCALA,GNCC,RAD SOLAR,2022-05-26,OPERACION,2024-05-13
Sistema,3ED1,AUTOG GRAN COLOMBIA GOLD,HIDRAULICA,NO DESPACHADO CENTRALMENTE,AUTOGENERADOR,PRIG,AGUA,2022-05-31,OPERACION,2024-05-13
Sistema,3EDL,BOSQUES SOLARES DE LOS LLANOS 5,SOLAR,NO DESPACHADO CENTRALMENTE,NORMAL,ISGG,RAD SOLAR,2022-09-12,OPERACION,2024-05-13
Sistema,3EE4,PARQUE EOLICO GUAJIRA I,EOLICA,NO DESPACHADO CENTRALMENTE,NORMAL,ISGG,VIENTO,2022-04-30,PRUEBAS,2024-05-13
Sistema,3EEE,AGPE MEDICINA NUCLEAR,SOLAR,NO DESPACHADO CENTRALMENTE,AUTOG PEQ. ESCALA,NEUC,RAD SOLAR,2022-06-09,OPERACION,2024-05-13
Sistema,3EEG,AGPE AVICOLA LA MARIA,SOLAR,NO DESPACHADO CENTRALMENTE,AUTOG PEQ. ESCALA,NEUC,RAD SOLAR,2022-06-09,OPERACION,2024-05-13
Sistema,3EEI,AGPE SIMON GARCIA ORREGO,SOLAR,NO DESPACHADO CENTRALMENTE,AUTOG PEQ. ESCALA,NEUC,RAD SOLAR,2022-06-09,OPERACION,2024-05-13
Sistema,3EFT,AGPE AUTOSERVICIO MANA,SOLAR,NO DESPACHADO CENTRALMENTE,AUTOG PEQ. ESCALA,GNCC,RAD SOLAR,2022-06-09,OPERACION,2024-05-13
Sistema,3EFW,AGPE PLANTA BUGA,SOLAR,NO DESPACHADO CENTRALMENTE,AUTOG PEQ. ESCALA,TPLC,RAD SOLAR,2022-06-09,OPERACION,2024-05-13
Sistema,3EFY,BOSQUES SOLARES DE LOS LLANOS 4,SOLAR,NO DESPACHADO CENTRALMENTE,NORMAL,ISGG,RAD SOLAR,2022-09-12,OPERACION,2024-05-13
Sistema,3EG2,AGPE MARTINPLAST,SOLAR,NO DESPACHADO CENTRALMENTE,AUTOG PEQ. ESCALA,ETTC,RAD SOLAR,2022-06-09,OPERACION,2024-05-13
Sistema,3EGG,AGPE ALFREDO MARTINEZ,SOLAR,NO DESPACHADO CENTRALMENTE,AUTOG PEQ. ESCALA,EPSC,RAD SOLAR,2022-06-16,OPERACION,2024-05-13
Sistema,3EGI,AGPE ADIELA PALMA DE CADAVID,SOLAR,NO DESPACHADO CENTRALMENTE,AUTOG PEQ. ESCALA,EPSC,RAD SOLAR,2022-06-16,OPERACION,2024-05-13
Sistema,3EGK,AGPE CLINICA CLINALTEC,SOLAR,NO DESPACHADO CENTRALMENTE,AUTOG PEQ. ESCALA,EPSC,RAD SOLAR,2022-06-16,OPERACION,2024-05-13
Sistema,3EGM,AGPE GRAN AMERICAS FONTIBON 1,SOLAR,NO DESPACHADO CENTRALMENTE,AUTOG PEQ. ESCALA,EPSC,RAD SOLAR,2022-06-16,OPERACION,2024-05-13
Sistema,3EGO,AGPE INVESA,SOLAR,NO DESPACHADO CENTRALMENTE,AUTOG PEQ. ESCALA,EPSC,RAD SOLAR,2022-06-16,OPERACION,2024-05-13
Sistema,3EGQ,AGPE NACIONAL AVICOLA,SOLAR,NO DESPACHADO CENTRALMENTE,AUTOG PEQ. ESCALA,EPSC,RAD SOLAR,2022-06-16,OPERACION,2024-05-13
Sistema,3EGS,AGPE SURTIPLAZA,SOLAR,NO DESPACHADO CENTRALMENTE,AUTOG PEQ. ESCALA,EPSC,RAD SOLAR,2022-06-16,OPERACION,2024-05-13
Sistema,3EGU,AGPE EL HUECO PAPELERIA,SOLAR,NO DESPACHADO CENTRALMENTE,AUTOG PEQ. ESCALA,GNCC,RAD SOLAR,2022-06-16,OPERACION,2024-05-13
Sistema,3EGW,AGPE EL REFLEJO,SOLAR,NO DESPACHADO CENTRALMENTE,AUTOG PEQ. ESCALA,EPSC,RAD SOLAR,2022-06-16,OPERACION,2024-05-13
Sistema,3EHZ,AGPE RESTAURANTE ORO NEGRO,SOLAR,NO DESPACHADO CENTRALMENTE,AUTOG PEQ. ESCALA,GNCC,RAD SOLAR,2022-06-23,OPERACION,2024-05-13
Sistema,3EJI,AGPE CALARCA 2,SOLAR,NO DESPACHADO CENTRALMENTE,AUTOG PEQ. ESCALA,GNCC,RAD SOLAR,2022-07-01,OPERACION,2024-05-13
Sistema,3EJK,AGPE CALARCA 1,SOLAR,NO DESPACHADO CENTRALMENTE,AUTOG PEQ. ESCALA,GNCC,RAD SOLAR,2022-07-01,OPERACION,2024-05-13
Sistema,3EJM,AGPE RETYPACK SAS,SOLAR,NO DESPACHADO CENTRALMENTE,AUTOG PEQ. ESCALA,GNCC,RAD SOLAR,2022-07-01,OPERACION,2024-05-13
Sistema,3EJO,AGPE SANTIAGO CASTAÑO,SOLAR,NO DESPACHADO CENTRALMENTE,AUTOG PEQ. ESCALA,NEUC,RAD SOLAR,2022-06-30,OPERACION,2024-05-13
Sistema,3EL3,AGPE LABORATORIOS EDO,SOLAR,NO DESPACHADO CENTRALMENTE,AUTOG PEQ. ESCALA,QIEC,RAD SOLAR,2022-07-07,OPERACION,2024-05-13
Sistema,3EL5,AGPE HUGO RESTREPO,SOLAR,NO DESPACHADO CENTRALMENTE,AUTOG PEQ. ESCALA,GNCC,RAD SOLAR,2022-07-07,OPERACION,2024-05-13
Sistema,3EL7,AGPE RED WM IMPRESORES,SOLAR,NO DESPACHADO CENTRALMENTE,AUTOG PEQ. ESCALA,QIEC,RAD SOLAR,2022-07-07,OPERACION,2024-05-13
Sistema,3EL9,AGPE HOYOSTOOLS,SOLAR,NO DESPACHADO CENTRALMENTE,AUTOG PEQ. ESCALA,QIEC,RAD SOLAR,2022-07-07,OPERACION,2024-05-13
Sistema,3EM4,AGPE IMPORINOX,SOLAR,NO DESPACHADO CENTRALMENTE,AUTOG PEQ. ESCALA,EPSC,RAD SOLAR,2022-07-14,OPERACION,2024-05-13
Sistema,3EM6,AGPE LAVANDERIA BURBUJAS,SOLAR,NO DESPACHADO CENTRALMENTE,AUTOG PEQ. ESCALA,GNCC,RAD SOLAR,2022-07-14,OPERACION,2024-05-13
Sistema,3EM8,AGPE MOLDES Y MECANIZADOS,SOLAR,NO DESPACHADO CENTRALMENTE,AUTOG PEQ. ESCALA,GNCC,RAD SOLAR,2022-07-14,OPERACION,2024-05-13
Sistema,3ENA,TESORITO,TERMICA,DESPACHADO CENTRALMENTE,NORMAL,EPSG,GAS,2022-09-13,OPERACION,2024-05-13
Sistema,3ENC,AGPE COLORPLASTIC,SOLAR,NO DESPACHADO CENTRALMENTE,AUTOG PEQ. ESCALA,BIAC,RAD SOLAR,2022-07-21,OPERACION,2024-05-13
Sistema,3ENE,SINCE,SOLAR,NO DESPACHADO CENTRALMENTE,NORMAL,EPSG,RAD SOLAR,2022-09-10,OPERACION,2024-05-13
Sistema,3EO1,AGPE FRIOGAN 1,SOLAR,NO DESPACHADO CENTRALMENTE,AUTOG PEQ. ESCALA,DLRC,RAD SOLAR,2022-07-24,OPERACION,2024-05-13
Sistema,3EO3,AGPE FRIOGAN 2,SOLAR,NO DESPACHADO CENTRALMENTE,AUTOG PEQ. ESCALA,DLRC,RAD SOLAR,2022-07-24,OPERACION,2024-05-13
Sistema,3EO5,AGPE CASA GABRIEL ROSALES,SOLAR,NO DESPACHADO CENTRALMENTE,AUTOG PEQ. ESCALA,GNCC,RAD SOLAR,2022-07-28,OPERACION,2024-05-13
Sistema,3EO7,AGPE AVICOLA LA ESPERANZA,SOLAR,NO DESPACHADO CENTRALMENTE,AUTOG PEQ. ESCALA,GNCC,RAD SOLAR,2022-07-29,OPERACION,2024-05-13
Sistema,3EP6,AUTOG CELSIA SOLAR HARINAS,SOLAR,NO DESPACHADO CENTRALMENTE,AUTOGENERADOR,EPSG,RAD SOLAR,2022-09-21,OPERACION,2024-05-13
Sistema,3EPJ,AGPE DINISSAN,SOLAR,NO DESPACHADO CENTRALMENTE,AUTOG PEQ. ESCALA,GNCC,RAD SOLAR,2022-08-04,OPERACION,2024-05-13
Sistema,3EPL,AGPE CAMPOALEGRE,SOLAR,NO DESPACHADO CENTRALMENTE,AUTOG PEQ. ESCALA,RTQC,RAD SOLAR,2022-08-04,OPERACION,2024-05-13
Sistema,3EPN,AGPE JAIME QUINTERO,SOLAR,NO DESPACHADO CENTRALMENTE,AUTOG PEQ. ESCALA,ETTC,RAD SOLAR,2022-08-04,OPERACION,2024-05-13
Sistema,3ESO,AGPE EXPOFUTURO,SOLAR,NO DESPACHADO CENTRALMENTE,AUTOG PEQ. ESCALA,EEPC,RAD SOLAR,2022-08-18,OPERACION,2024-05-13
Sistema,3EV1,LOS CABALLEROS,SOLAR,NO DESPACHADO CENTRALMENTE,NORMAL,EPSG,RAD SOLAR,2022-09-15,OPERACION,2024-05-13
Sistema,3EV3,LA MEDINA,SOLAR,NO DESPACHADO CENTRALMENTE,NORMAL,EPSG,RAD SOLAR,2022-09-15,OPERACION,2024-05-13
Sistema,3EX9,AGPE FRIGORINUS,SOLAR,NO DESPACHADO CENTRALMENTE,AUTOG PEQ. ESCALA,NEUC,RAD SOLAR,2022-09-01,OPERACION,2024-05-13
Sistema,3EXB,CERRITOS,SOLAR,NO DESPACHADO CENTRALMENTE,NORMAL,EPSG,RAD SOLAR,2022-09-19,OPERACION,2024-05-13
Sistema,3EXH,PARQUE EÓLICO WESP01,EOLICA,NO DESPACHADO CENTRALMENTE,NORMAL,ISGG,VIENTO,2022-08-31,PRUEBAS,2024-05-13
Sistema,3F2N,AGPE SENA DOSQUEBRADAS,SOLAR,NO DESPACHADO CENTRALMENTE,AUTOG PEQ. ESCALA,EEPC,RAD SOLAR,2022-09-15,OPERACION,2024-05-13
Sistema,3F2P,AGPE PETROCASINOS,SOLAR,NO DESPACHADO CENTRALMENTE,AUTOG PEQ. ESCALA,RTQC,RAD SOLAR,2022-09-15,OPERACION,2024-05-13
Sistema,3F3A,AGPE VITALBAQ,SOLAR,NO DESPACHADO CENTRALMENTE,AUTOG PEQ. ESCALA,GNCC,RAD SOLAR,2022-09-22,OPERACION,2024-05-13
Sistema,3F3C,AGPE INDUNILO,SOLAR,NO DESPACHADO CENTRALMENTE,AUTOG PEQ. ESCALA,RTQC,RAD SOLAR,2022-09-22,OPERACION,2024-05-13
Sistema,3F4K,AGPE SERVIPAN,SOLAR,NO DESPACHADO CENTRALMENTE,AUTOG PEQ. ESCALA,NEUC,RAD SOLAR,2022-09-29,OPERACION,2024-05-13
Sistema,3F4M,AGPE GIMNASIO LA COLINA,SOLAR,NO DESPACHADO CENTRALMENTE,AUTOG PEQ. ESCALA,ETTC,RAD SOLAR,2022-09-29,OPERACION,2024-05-13
Sistema,3F5L,AUTOG CI JEANS,SOLAR,NO DESPACHADO CENTRALMENTE,AUTOGENERADOR,ERRG,RAD SOLAR,2023-08-25,OPERACION,2024-05-13
Sistema,3F5N,AUTOG PINTUCO,SOLAR,NO DESPACHADO CENTRALMENTE,AUTOGENERADOR,ERRG,RAD SOLAR,2023-08-25,OPERACION,2024-05-13
Sistema,3F7M,AGPE CHAMORRO PORTILLA MISTER POLLO IPIALES,SOLAR,NO DESPACHADO CENTRALMENTE,AUTOG PEQ. ESCALA,ASCC,RAD SOLAR,2022-10-06,OPERACION,2024-05-13
Sistema,3F81,AGPE COLOMBO BRITANICO,SOLAR,NO DESPACHADO CENTRALMENTE,AUTOG PEQ. ESCALA,NEUC,RAD SOLAR,2022-10-13,OPERACION,2024-05-13
Sistema,3F83,AGPE SARY SAS JAIRO P,SOLAR,NO DESPACHADO CENTRALMENTE,AUTOG PEQ. ESCALA,NEUC,RAD SOLAR,2022-10-13,OPERACION,2024-05-13
Sistema,3F8W,AGPE GUIRNALDAS INNOVAFLORA,SOLAR,NO DESPACHADO CENTRALMENTE,AUTOG PEQ. ESCALA,EPSC,RAD SOLAR,2022-10-13,OPERACION,2024-05-13
Sistema,3F9S,AGPE ELECTROFACIL LORICA,SOLAR,NO DESPACHADO CENTRALMENTE,AUTOG PEQ. ESCALA,GNCC,RAD SOLAR,2022-10-20,OPERACION,2024-05-13
Sistema,3F9U,AGPE HOSPICLEAN,SOLAR,NO DESPACHADO CENTRALMENTE,AUTOG PEQ. ESCALA,EEPC,RAD SOLAR,2022-10-20,OPERACION,2024-05-13
Sistema,3FC7,AGPE GRANJA SARATANO,SOLAR,NO DESPACHADO CENTRALMENTE,AUTOG PEQ. ESCALA,GNCC,RAD SOLAR,2022-10-27,OPERACION,2024-05-13
Sistema,3FC9,AGPE SOL Y CIELO SAS,SOLAR,NO DESPACHADO CENTRALMENTE,AUTOG PEQ. ESCALA,SCEC,RAD SOLAR,2022-10-27,OPERACION,2024-05-13
Sistema,3FCB,AGPE PLASTICOS CALIBRADOS,SOLAR,NO DESPACHADO CENTRALMENTE,AUTOG PEQ. ESCALA,GNCC,RAD SOLAR,2022-10-27,OPERACION,2024-05-13
Sistema,3FCD,AUTOG CELSIA SOLAR PALMIRA 3,SOLAR,NO DESPACHADO CENTRALMENTE,AUTOGENERADOR,EPSG,RAD SOLAR,2023-03-30,OPERACION,2024-05-13
Sistema,3FCF,GRANJA SOLAR LANCEROS,SOLAR,NO DESPACHADO CENTRALMENTE,NORMAL,EPSG,RAD SOLAR,2023-01-30,OPERACION,2024-05-13
Sistema,3FD6,AGPE DEPOSITO YONATAN GONZALES,SOLAR,NO DESPACHADO CENTRALMENTE,AUTOG PEQ. ESCALA,BIAC,RAD SOLAR,2022-11-01,OPERACION,2024-05-13
Sistema,3FD8,AGPE COOMPRORIENTE,SOLAR,NO DESPACHADO CENTRALMENTE,AUTOG PEQ. ESCALA,QIEC,RAD SOLAR,2022-11-01,OPERACION,2024-05-13
Sistema,3FEI,AGPE CASA 43 ALFEREZ REAL III,SOLAR,NO DESPACHADO CENTRALMENTE,AUTOG PEQ. ESCALA,QIEC,RAD SOLAR,2022-11-03,OPERACION,2024-05-13
Sistema,3FEK,AGPE PALERMO,SOLAR,NO DESPACHADO CENTRALMENTE,AUTOG PEQ. ESCALA,TPLC,RAD SOLAR,2022-11-03,OPERACION,2024-05-13
Sistema,3GFD,AGPE RAPIASEO,SOLAR,NO DESPACHADO CENTRALMENTE,AUTOG PEQ. ESCALA,ENBC,RAD SOLAR,2022-11-17,OPERACION,2024-05-13
Sistema,3GFI,AGPE HERMECO,SOLAR,NO DESPACHADO CENTRALMENTE,AUTOG PEQ. ESCALA,NRCC,RAD SOLAR,2022-11-17,OPERACION,2024-05-13
Sistema,3GFK,AGPE JAVIER HOYOS RESTREPO,SOLAR,NO DESPACHADO CENTRALMENTE,AUTOG PEQ. ESCALA,SCEC,RAD SOLAR,2022-11-17,OPERACION,2024-05-13
Sistema,3GFM,AGPE JORGE EUSSE RESTREPO,SOLAR,NO DESPACHADO CENTRALMENTE,AUTOG PEQ. ESCALA,SCEC,RAD SOLAR,2022-11-17,OPERACION,2024-05-13
Sistema,3GFO,AGPE DONA MANUELA,SOLAR,NO DESPACHADO CENTRALMENTE,AUTOG PEQ. ESCALA,TPLC,RAD SOLAR,2022-11-17,OPERACION,2024-05-13
Sistema,3GFQ,AGPE FERCH2,SOLAR,NO DESPACHADO CENTRALMENTE,AUTOG PEQ. ESCALA,NMRG,RAD SOLAR,2022-11-17,OPERACION,2024-05-13
Sistema,3GHQ,AGPE MUGDEN,SOLAR,NO DESPACHADO CENTRALMENTE,AUTOG PEQ. ESCALA,ETTC,RAD SOLAR,2022-11-24,OPERACION,2024-05-13
Sistema,3GI4,AGPE HIDROMANA SEDE 1,SOLAR,NO DESPACHADO CENTRALMENTE,AUTOG PEQ. ESCALA,GNCC,RAD SOLAR,2022-11-24,OPERACION,2024-05-13
Sistema,3GI6,GRANJA SOLAR EL SALADO,SOLAR,NO DESPACHADO CENTRALMENTE,NORMAL,FERG,RAD SOLAR,2023-06-17,OPERACION,2024-05-13
Sistema,3GI8,AGPE SECAR INGENIEROS SA,SOLAR,NO DESPACHADO CENTRALMENTE,AUTOG PEQ. ESCALA,ENBC,RAD SOLAR,2022-11-24,OPERACION,2024-05-13
Sistema,3GJQ,TERMOTASAJERO DOS SOLAR,SOLAR,NO DESPACHADO CENTRALMENTE,NORMAL,TERG,RAD SOLAR,2022-12-26,OPERACION,2024-05-13
Sistema,3GJS,AGPE SOLUCIONES ADHESIVAS LG,SOLAR,NO DESPACHADO CENTRALMENTE,AUTOG PEQ. ESCALA,NEUC,RAD SOLAR,2022-12-01,OPERACION,2024-05-13
Sistema,3GJU,AUTOG INGENIO CARMELITA,TERMICA,NO DESPACHADO CENTRALMENTE,AUTOGENERADOR,DEPG,BAGAZO,2022-12-30,OPERACION,2024-05-13
Sistema,3GPV,AGPE CLINICA SOHEC,SOLAR,NO DESPACHADO CENTRALMENTE,AUTOG PEQ. ESCALA,NEUC,RAD SOLAR,2022-12-08,OPERACION,2024-05-13
Sistema,3GPX,AGPE VAQUITA MELOSA,SOLAR,NO DESPACHADO CENTRALMENTE,AUTOG PEQ. ESCALA,NEUC,RAD SOLAR,2022-12-08,OPERACION,2024-05-13
Sistema,3GPZ,MONTELIBANO,SOLAR,NO DESPACHADO CENTRALMENTE,NORMAL,EPSG,RAD SOLAR,2022-12-21,OPERACION,2024-05-13
Sistema,3GRD,GRANJA SOLAR SAN FELIPE,SOLAR,NO DESPACHADO CENTRALMENTE,NORMAL,EPSG,RAD SOLAR,2023-01-30,OPERACION,2024-05-13
Sistema,3GSD,AGPE LABORATORIOS ERMA,SOLAR,NO DESPACHADO CENTRALMENTE,AUTOG PEQ. ESCALA,QIEC,RAD SOLAR,2022-12-15,OPERACION,2024-05-13
Sistema,3GSF,AUTOG BUGA I GRASAS,SOLAR,NO DESPACHADO CENTRALMENTE,AUTOGENERADOR,EPSG,RAD SOLAR,2023-04-15,OPERACION,2024-05-13
Sistema,3GTQ,AGPE IMPOCALI BODEGAS,SOLAR,NO DESPACHADO CENTRALMENTE,AUTOG PEQ. ESCALA,QIEC,RAD SOLAR,2022-12-22,OPERACION,2024-05-13
Sistema,3GTS,AGPE GASCOL SA PUNTO GAS CALLE 17,SOLAR,NO DESPACHADO CENTRALMENTE,AUTOG PEQ. ESCALA,NEUC,RAD SOLAR,2022-12-22,OPERACION,2024-05-13
Sistema,3GTU,AGPE LA UNION ESTACION DE SERVICIO TERPEL,SOLAR,NO DESPACHADO CENTRALMENTE,AUTOG PEQ. ESCALA,NEUC,RAD SOLAR,2022-12-22,OPERACION,2024-05-13
Sistema,3GUT,AGPE GRUPO ALIMENTICIO ALBA DEL FONCE,SOLAR,NO DESPACHADO CENTRALMENTE,AUTOG PEQ. ESCALA,RTQC,RAD SOLAR,2022-12-22,OPERACION,2024-05-13
Sistema,3GVE,AGPE SERVIGRAFIC,SOLAR,NO DESPACHADO CENTRALMENTE,AUTOG PEQ. ESCALA,GNCC,RAD SOLAR,2022-12-29,OPERACION,2024-05-13
Sistema,3GVG,AGPE IMPOCALI OFICINAS,SOLAR,NO DESPACHADO CENTRALMENTE,AUTOG PEQ. ESCALA,QIEC,RAD SOLAR,2022-12-29,OPERACION,2024-05-13
Sistema,3GVI,GRANJA SOLAR FLANDES,SOLAR,NO DESPACHADO CENTRALMENTE,NORMAL,EPSG,RAD SOLAR,2023-03-27,OPERACION,2024-05-13
Sistema,3GVK,CELSIA SOLAR DULIMA,SOLAR,NO DESPACHADO CENTRALMENTE,NORMAL,EPSG,RAD SOLAR,2023-03-27,OPERACION,2024-05-13
Sistema,3GVM,CELSIA SOLAR YUMA,SOLAR,NO DESPACHADO CENTRALMENTE,NORMAL,EPSG,RAD SOLAR,2023-03-27,OPERACION,2024-05-13
Sistema,3GWG,AGPE SUAZAPAWA,SOLAR,NO DESPACHADO CENTRALMENTE,AUTOG PEQ. ESCALA,QIEC,RAD SOLAR,2022-12-29,OPERACION,2024-05-13
Sistema,3GX5,AGPE ORGANIZACION LA MERCED,SOLAR,NO DESPACHADO CENTRALMENTE,AUTOG PEQ. ESCALA,ASCC,RAD SOLAR,2023-01-05,OPERACION,2024-05-13
Sistema,3GX7,AGPE CASA JAVIER MERINO,SOLAR,NO DESPACHADO CENTRALMENTE,AUTOG PEQ. ESCALA,GNCC,RAD SOLAR,2023-01-05,OPERACION,2024-05-13
Sistema,3GZQ,AGPE ORION,SOLAR,NO DESPACHADO CENTRALMENTE,AUTOG PEQ. ESCALA,GNCC,RAD SOLAR,2023-01-19,OPERACION,2024-05-13
Sistema,3GZS,AGPE RINO MATERIALES,SOLAR,NO DESPACHADO CENTRALMENTE,AUTOG PEQ. ESCALA,GNCC,RAD SOLAR,2023-01-19,OPERACION,2024-05-13
Sistema,3GZU,AGPE GRANJA EL RHIN,SOLAR,NO DESPACHADO CENTRALMENTE,AUTOG PEQ. ESCALA,GNCC,RAD SOLAR,2023-01-19,OPERACION,2024-05-13
Sistema,3H2A,AGPE GRUPO DECOR,SOLAR,NO DESPACHADO CENTRALMENTE,AUTOG PEQ. ESCALA,NEUC,RAD SOLAR,2023-01-26,OPERACION,2024-05-13
Sistema,3H2I,AGPE BURO,SOLAR,NO DESPACHADO CENTRALMENTE,AUTOG PEQ. ESCALA,ETTC,RAD SOLAR,2023-01-26,OPERACION,2024-05-13
Sistema,3H2U,TZ II,HIDRAULICA,NO DESPACHADO CENTRALMENTE,NORMAL,CTZG,AGUA,2021-12-31,PRUEBAS,2024-05-13
Sistema,3H2W,AGPE AUTO ROBLE LTDA,SOLAR,NO DESPACHADO CENTRALMENTE,AUTOG PEQ. ESCALA,SCEC,RAD SOLAR,2023-02-01,OPERACION,2024-05-13
Sistema,3H31,AGPE HYR DISTRIBUCIONES,SOLAR,NO DESPACHADO CENTRALMENTE,AUTOG PEQ. ESCALA,NEUC,RAD SOLAR,2023-02-02,OPERACION,2024-05-13
Sistema,3H5W,AGPE INVERSIONES SAN GABRIEL SAS,SOLAR,NO DESPACHADO CENTRALMENTE,AUTOG PEQ. ESCALA,SCEC,RAD SOLAR,2023-02-16,OPERACION,2024-05-13
Sistema,3H5Y,AGPE SUMINTEGRALES SAS,SOLAR,NO DESPACHADO CENTRALMENTE,AUTOG PEQ. ESCALA,NEUC,RAD SOLAR,2023-02-16,OPERACION,2024-05-13
Sistema,3H61,AGPE EDS EL EDEN,SOLAR,NO DESPACHADO CENTRALMENTE,AUTOG PEQ. ESCALA,SCEC,RAD SOLAR,2023-02-16,OPERACION,2024-05-13
Sistema,3H7S,AGPE FARMACOS DE LA COSTA LTDA,SOLAR,NO DESPACHADO CENTRALMENTE,AUTOG PEQ. ESCALA,SCEC,RAD SOLAR,2023-02-23,OPERACION,2024-05-13
Sistema,3H9C,AGPE JUAN CARLOS VILARINO,SOLAR,NO DESPACHADO CENTRALMENTE,AUTOG PEQ. ESCALA,GNCC,RAD SOLAR,2023-02-23,OPERACION,2024-05-13
Sistema,3H9E,AGPE INVERSIONES MIL VARIEDADES SEDE 2,SOLAR,NO DESPACHADO CENTRALMENTE,AUTOG PEQ. ESCALA,GNCC,RAD SOLAR,2023-02-23,OPERACION,2024-05-13
Sistema,3HBJ,AGPE COLEGIO BOLIVAR,SOLAR,NO DESPACHADO CENTRALMENTE,AUTOG PEQ. ESCALA,EPSC,RAD SOLAR,2023-03-02,OPERACION,2024-05-13
Sistema,3HBL,AGPE INVERSIONES SANTA FE SEDE II,SOLAR,NO DESPACHADO CENTRALMENTE,AUTOG PEQ. ESCALA,GNCC,RAD SOLAR,2023-03-02,OPERACION,2024-05-13
Sistema,3HBN,TIERRA LINDA,SOLAR,NO DESPACHADO CENTRALMENTE,NORMAL,AAGG,RAD SOLAR,2023-04-04,OPERACION,2024-05-13
Sistema,3HBP,LA TOLUA,SOLAR,NO DESPACHADO CENTRALMENTE,NORMAL,AAGG,RAD SOLAR,2023-04-04,OPERACION,2024-05-13
Sistema,3HBR,AGPE GATO DUMAS BOGOTA,SOLAR,NO DESPACHADO CENTRALMENTE,AUTOG PEQ. ESCALA,BIAC,RAD SOLAR,2023-03-02,OPERACION,2024-05-13
Sistema,3HBT,AGPE HERMECO2,SOLAR,NO DESPACHADO CENTRALMENTE,AUTOG PEQ. ESCALA,NRCC,RAD SOLAR,2023-03-02,OPERACION,2024-05-13
Sistema,3HDE,SAN BARTOLOME,HIDRAULICA,NO DESPACHADO CENTRALMENTE,NORMAL,PSBG,AGUA,2023-05-14,OPERACION,2024-05-13
Sistema,3HDG,OIBITA,HIDRAULICA,NO DESPACHADO CENTRALMENTE,NORMAL,PSBG,AGUA,2023-05-14,OPERACION,2024-05-13
Sistema,3HE4,AGPE INVERSIONES LJC SAS,SOLAR,NO DESPACHADO CENTRALMENTE,AUTOG PEQ. ESCALA,BIAC,RAD SOLAR,2023-03-16,OPERACION,2024-05-13
Sistema,3HE8,AUTOG CELSIA SOLAR PALMIRA 3 ZONA FRANCA,SOLAR,NO DESPACHADO CENTRALMENTE,AUTOGENERADOR,EPSG,RAD SOLAR,2023-04-30,OPERACION,2024-05-13
Sistema,3HF5,FUNDACION,SOLAR,DESPACHADO CENTRALMENTE,NORMAL,ENDG,RAD SOLAR,2023-02-28,PRUEBAS,2024-05-13
Sistema,3HF7,CELSIA SOLAR LA VICTORIA II,SOLAR,NO DESPACHADO CENTRALMENTE,NORMAL,EPSG,RAD SOLAR,2023-08-30,OPERACION,2024-05-13
Sistema,3HF9,CELSIA SOLAR LA VICTORIA I,SOLAR,NO DESPACHADO CENTRALMENTE,NORMAL,EPSG,RAD SOLAR,2023-08-30,OPERACION,2024-05-13
Sistema,3HFV,AGPE COMERCIPOL SAS,SOLAR,NO DESPACHADO CENTRALMENTE,AUTOG PEQ. ESCALA,NEUC,RAD SOLAR,2023-03-23,OPERACION,2024-05-13
Sistema,3HG5,AGPE OIKOS,SOLAR,NO DESPACHADO CENTRALMENTE,AUTOG PEQ. ESCALA,NRCC,RAD SOLAR,2023-03-23,OPERACION,2024-05-13
Sistema,3HG7,COMUNIDAD EL SALVADOR I,SOLAR,NO DESPACHADO CENTRALMENTE,GEN. DISTRIBUIDA,ERRG,RAD SOLAR,2023-03-24,OPERACION,2024-05-13
Sistema,3HG9,COMUNIDAD EL SALVADOR II,SOLAR,NO DESPACHADO CENTRALMENTE,GEN. DISTRIBUIDA,ERRG,RAD SOLAR,2023-03-24,OPERACION,2024-05-13
Sistema,3HGI,AGPE CENTRO ADMINISTRATIVO FASE I,SOLAR,NO DESPACHADO CENTRALMENTE,AUTOG PEQ. ESCALA,RTQC,RAD SOLAR,2023-03-30,OPERACION,2024-05-13
Sistema,3HH7,AGPE NUTRIAVICOLA,SOLAR,NO DESPACHADO CENTRALMENTE,AUTOG PEQ. ESCALA,CETC,RAD SOLAR,2023-03-30,OPERACION,2024-05-13
Sistema,3HH9,AGPE TVAPAN 500 SA,SOLAR,NO DESPACHADO CENTRALMENTE,AUTOG PEQ. ESCALA,CETC,RAD SOLAR,2023-03-30,OPERACION,2024-05-13
Sistema,3HIA,AGPE SFV FLORES DE BRITANIA,SOLAR,NO DESPACHADO CENTRALMENTE,AUTOG PEQ. ESCALA,GNCC,RAD SOLAR,2023-04-06,OPERACION,2024-05-13
Sistema,3HJE,AGPE EDFICIO CARRERA SEPTIMA,SOLAR,NO DESPACHADO CENTRALMENTE,AUTOG PEQ. ESCALA,EXEC,RAD SOLAR,2023-04-13,OPERACION,2024-05-13
Sistema,3HKK,AGPE LA FABRICA DE LA FELICIDAD,SOLAR,NO DESPACHADO CENTRALMENTE,AUTOG PEQ. ESCALA,EEPC,RAD SOLAR,2023-04-20,OPERACION,2024-05-13
Sistema,3HL2,AGPE CC EL DIAMANTE CLL 52 107,SOLAR,NO DESPACHADO CENTRALMENTE,AUTOG PEQ. ESCALA,BIAC,RAD SOLAR,2023-04-20,OPERACION,2024-05-13
Sistema,3HL9,AGPE ARA BARRANQUILLA CHIQUINQUIRA,SOLAR,NO DESPACHADO CENTRALMENTE,AUTOG PEQ. ESCALA,NEUC,RAD SOLAR,2023-04-27,OPERACION,2024-05-13
Sistema,3HLB,AGPE ARA SOLEDAD MANUELA BELTRAN,SOLAR,NO DESPACHADO CENTRALMENTE,AUTOG PEQ. ESCALA,NEUC,RAD SOLAR,2023-04-27,OPERACION,2024-05-13
Sistema,3HLD,LOS GIRASOLES,SOLAR,NO DESPACHADO CENTRALMENTE,NORMAL,PSGG,RAD SOLAR,2023-08-05,OPERACION,2024-05-13
Sistema,3HQW,AGPE SOCIEDAD DE ONCOLOGIA Y HEMATOLOGIA,SOLAR,NO DESPACHADO CENTRALMENTE,AUTOG PEQ. ESCALA,EXEC,RAD SOLAR,2023-05-11,OPERACION,2024-05-13
Sistema,3HQY,AGPE GEORGES NOBLE SCHOOL SAS,SOLAR,NO DESPACHADO CENTRALMENTE,AUTOG PEQ. ESCALA,SCEC,RAD SOLAR,2023-05-15,OPERACION,2024-05-13
Sistema,3HR1,AGPE RESTAURANTE GUACARI,SOLAR,NO DESPACHADO CENTRALMENTE,AUTOG PEQ. ESCALA,SCEC,RAD SOLAR,2023-05-15,OPERACION,2024-05-13
Sistema,3HRC,AGPE CENTRO COMERCIAL PUNTO CLAVE,SOLAR,NO DESPACHADO CENTRALMENTE,AUTOG PEQ. ESCALA,EPSC,RAD SOLAR,2023-05-18,OPERACION,2024-05-13
Sistema,3HRU,AGPE EDIFICIO CITY,SOLAR,NO DESPACHADO CENTRALMENTE,AUTOG PEQ. ESCALA,ETTC,RAD SOLAR,2023-05-18,OPERACION,2024-05-13
Sistema,3HS5,AGPE TAPUSH,SOLAR,NO DESPACHADO CENTRALMENTE,AUTOG PEQ. ESCALA,NEUC,RAD SOLAR,2023-05-25,OPERACION,2024-05-13
Sistema,3HS7,AGPE LAVANDERIA SUPER,SOLAR,NO DESPACHADO CENTRALMENTE,AUTOG PEQ. ESCALA,QIEC,RAD SOLAR,2023-05-25,OPERACION,2024-05-13
Sistema,3HS9,AUTOG BUGA I SOLLA,SOLAR,NO DESPACHADO CENTRALMENTE,AUTOGENERADOR,EPSG,RAD SOLAR,2023-06-16,OPERACION,2024-05-13
Sistema,3HTH,AGPE MERCADEO Y MODA,SOLAR,NO DESPACHADO CENTRALMENTE,AUTOG PEQ. ESCALA,GNCC,RAD SOLAR,2023-06-01,OPERACION,2024-05-13
Sistema,3HTJ,AGPE DIOCESIS JARDINES DEL ECCE HOMO,SOLAR,NO DESPACHADO CENTRALMENTE,AUTOG PEQ. ESCALA,GNCC,RAD SOLAR,2023-06-01,OPERACION,2024-05-13
Sistema,3HTL,AGPE LACTEOS RIOGRANDE SEDE PLATO,SOLAR,NO DESPACHADO CENTRALMENTE,AUTOG PEQ. ESCALA,GNCC,RAD SOLAR,2023-06-01,OPERACION,2024-05-13
Sistema,3HTN,AGPE FOTOLITO CENTRO,SOLAR,NO DESPACHADO CENTRALMENTE,AUTOG PEQ. ESCALA,GNCC,RAD SOLAR,2023-06-01,OPERACION,2024-05-13
Sistema,3HWK,AGPE EL ENCANTO,SOLAR,NO DESPACHADO CENTRALMENTE,AUTOG PEQ. ESCALA,NMRG,RAD SOLAR,2023-06-08,OPERACION,2024-05-13
Sistema,3HWM,PETALO DEL MAGDALENA,SOLAR,NO DESPACHADO CENTRALMENTE,NORMAL,EPSG,RAD SOLAR,2023-08-05,OPERACION,2024-05-13
Sistema,3HYG,URUACO,SOLAR,NO DESPACHADO CENTRALMENTE,NORMAL,DEPG,RAD SOLAR,2023-06-18,OPERACION,2024-05-13
Sistema,3I3I,AGPE CORPORACION EMPRESARIAL CARRERA,SOLAR,NO DESPACHADO CENTRALMENTE,AUTOG PEQ. ESCALA,GNCC,RAD SOLAR,2023-07-06,OPERACION,2024-05-13
Sistema,3I3K,AGPE DELIPAVO TENJO,SOLAR,NO DESPACHADO CENTRALMENTE,AUTOG PEQ. ESCALA,GNCC,RAD SOLAR,2023-07-06,OPERACION,2024-05-13
Sistema,3I3M,AGPE COLEGIO LA MEDALLA MILAGROSA,SOLAR,NO DESPACHADO CENTRALMENTE,AUTOG PEQ. ESCALA,GNCC,RAD SOLAR,2023-07-06,OPERACION,2024-05-13
Sistema,3I3O,AGPE EDIFICIO DUBO,SOLAR,NO DESPACHADO CENTRALMENTE,AUTOG PEQ. ESCALA,GNCC,RAD SOLAR,2023-07-06,OPERACION,2024-05-13
Sistema,3I3Q,AGPE SURTITODO PALMIRA,SOLAR,NO DESPACHADO CENTRALMENTE,AUTOG PEQ. ESCALA,GNCC,RAD SOLAR,2023-07-06,OPERACION,2024-05-13
Sistema,3I4A,AGPE ARMENIA HOTEL SA,SOLAR,NO DESPACHADO CENTRALMENTE,AUTOG PEQ. ESCALA,EPMC,RAD SOLAR,2023-07-06,OPERACION,2024-05-13
Sistema,3I4C,AGPE ICOLTRANS,SOLAR,NO DESPACHADO CENTRALMENTE,AUTOG PEQ. ESCALA,ETTC,RAD SOLAR,2023-07-06,OPERACION,2024-05-13
Sistema,3I6L,AGPE COMERCIALIZADORA BZUL SAS,SOLAR,NO DESPACHADO CENTRALMENTE,AUTOG PEQ. ESCALA,NEUC,RAD SOLAR,2023-07-13,OPERACION,2024-05-13
Sistema,3I6N,AGPE MGL INVERSIONES SAS,SOLAR,NO DESPACHADO CENTRALMENTE,AUTOG PEQ. ESCALA,NEUC,RAD SOLAR,2023-07-13,OPERACION,2024-05-13
Sistema,3I6P,AGPE CONSTRUCTORA LINDARAJA SAS,SOLAR,NO DESPACHADO CENTRALMENTE,AUTOG PEQ. ESCALA,NEUC,RAD SOLAR,2023-07-13,OPERACION,2024-05-13
Sistema,3I6R,AGPE CFZ MEDICINA ESTETICA,SOLAR,NO DESPACHADO CENTRALMENTE,AUTOG PEQ. ESCALA,NEUC,RAD SOLAR,2023-07-13,OPERACION,2024-05-13
Sistema,3I6V,AGPE EL CARRIEL FUNZA 2,SOLAR,NO DESPACHADO CENTRALMENTE,AUTOG PEQ. ESCALA,NEUC,RAD SOLAR,2023-07-13,OPERACION,2024-05-13
Sistema,3I6X,AGPE NELSON SEGUNDO GNECCO CERCHIARO,SOLAR,NO DESPACHADO CENTRALMENTE,AUTOG PEQ. ESCALA,NEUC,RAD SOLAR,2023-07-13,OPERACION,2024-05-13
Sistema,3I71,AGPE COOTRASUR FLORIDABLANCA,SOLAR,NO DESPACHADO CENTRALMENTE,AUTOG PEQ. ESCALA,GNCC,RAD SOLAR,2023-07-13,OPERACION,2024-05-13
Sistema,3I73,AGPE BOLTEN BARRANQUILLA,SOLAR,NO DESPACHADO CENTRALMENTE,AUTOG PEQ. ESCALA,GNCC,RAD SOLAR,2023-07-13,OPERACION,2024-05-13
Sistema,3ICX,AGPE MGL INVERSIONES SAS II,SOLAR,NO DESPACHADO CENTRALMENTE,AUTOG PEQ. ESCALA,NEUC,RAD SOLAR,2023-07-27,OPERACION,2024-05-13
Sistema,3ICZ,AGPE EVERARDO ARMENTA ALONSO,SOLAR,NO DESPACHADO CENTRALMENTE,AUTOG PEQ. ESCALA,NEUC,RAD SOLAR,2023-07-27,OPERACION,2024-05-13
Sistema,3ID2,AGPE EDS TAYRONA,SOLAR,NO DESPACHADO CENTRALMENTE,AUTOG PEQ. ESCALA,TPLC,RAD SOLAR,2023-07-27,OPERACION,2024-05-13
Sistema,3ID4,AGPE ROSANA CARRILLO MONSALVO,SOLAR,NO DESPACHADO CENTRALMENTE,AUTOG PEQ. ESCALA,NEUC,RAD SOLAR,2023-07-27,OPERACION,2024-05-13
Sistema,3ID6,AGPE SOFITEL CASA LOMA,SOLAR,NO DESPACHADO CENTRALMENTE,AUTOG PEQ. ESCALA,BIAC,RAD SOLAR,2023-07-27,OPERACION,2024-05-13
Sistema,3II2,AGPE JESUALDO MORELLI SOCARRAS,SOLAR,NO DESPACHADO CENTRALMENTE,AUTOG PEQ. ESCALA,NEUC,RAD SOLAR,2023-08-10,OPERACION,2024-05-13
Sistema,3II4,AGPE VASQUEZ LLINAS DESING SAS,SOLAR,NO DESPACHADO CENTRALMENTE,AUTOG PEQ. ESCALA,NEUC,RAD SOLAR,2023-08-10,OPERACION,2024-05-13
Sistema,3II6,AGPE MI FUTURO DON CAMPO,SOLAR,NO DESPACHADO CENTRALMENTE,AUTOG PEQ. ESCALA,NEUC,RAD SOLAR,2023-08-10,OPERACION,2024-05-13
Sistema,3II8,AGPE CELMIRA GALVIS FAJARDO,SOLAR,NO DESPACHADO CENTRALMENTE,AUTOG PEQ. ESCALA,NEUC,RAD SOLAR,2023-08-10,OPERACION,2024-05-13
Sistema,3IIA,AGPE DISTRIBUIDORA Y COMERCIALIZADORA SALEM,SOLAR,NO DESPACHADO CENTRALMENTE,AUTOG PEQ. ESCALA,NEUC,RAD SOLAR,2023-08-10,OPERACION,2024-05-13
Sistema,3IIC,AGPE YOLANDA BAUTE CASTRO,SOLAR,NO DESPACHADO CENTRALMENTE,AUTOG PEQ. ESCALA,NEUC,RAD SOLAR,2023-08-10,OPERACION,2024-05-13
Sistema,3IIE,AGPE INVERSIONES LAS MARIAS SAS,SOLAR,NO DESPACHADO CENTRALMENTE,AUTOG PEQ. ESCALA,NEUC,RAD SOLAR,2023-08-10,OPERACION,2024-05-13
Sistema,3IIG,AGPE INVERSIONES LUJO SAS,SOLAR,NO DESPACHADO CENTRALMENTE,AUTOG PEQ. ESCALA,NEUC,RAD SOLAR,2023-08-10,OPERACION,2024-05-13
Sistema,3III,AGPE JAVIER DARIO MONSALVO BOLIVAR,SOLAR,NO DESPACHADO CENTRALMENTE,AUTOG PEQ. ESCALA,NEUC,RAD SOLAR,2023-08-10,OPERACION,2024-05-13
Sistema,3IIK,AGPE CLAUDIA MARCELA OTALORA MAHECHA,SOLAR,NO DESPACHADO CENTRALMENTE,AUTOG PEQ. ESCALA,NEUC,RAD SOLAR,2023-08-10,OPERACION,2024-05-13
Sistema,3IIM,AGPE JESUS ANTONIO BALLESTEROS GALVIS,SOLAR,NO DESPACHADO CENTRALMENTE,AUTOG PEQ. ESCALA,NEUC,RAD SOLAR,2023-08-10,OPERACION,2024-05-13
Sistema,3IIO,AGPE VIVA MAYALES SAS,SOLAR,NO DESPACHADO CENTRALMENTE,AUTOG PEQ. ESCALA,NEUC,RAD SOLAR,2023-08-10,OPERACION,2024-05-13
Sistema,3IIQ,AGPE PLANTA LUBRICANTES,SOLAR,NO DESPACHADO CENTRALMENTE,AUTOG PEQ. ESCALA,TPLC,RAD SOLAR,2023-08-10,OPERACION,2024-05-13
Sistema,3IIT,AGPE MIL VARIEDADES I,SOLAR,NO DESPACHADO CENTRALMENTE,AUTOG PEQ. ESCALA,GNCC,RAD SOLAR,2023-08-10,OPERACION,2024-05-13
Sistema,3IIV,AGPE COLEGIO BERCHMANS,SOLAR,NO DESPACHADO CENTRALMENTE,AUTOG PEQ. ESCALA,EPSC,RAD SOLAR,2023-08-10,OPERACION,2024-05-13
Sistema,3IJF,AUTOG COSTAYACO,TERMICA,NO DESPACHADO CENTRALMENTE,AUTOGENERADOR,DEPG,GAS,2023-09-04,OPERACION,2024-05-13
Sistema,3IML,AGPE BODYTECH COLINA,SOLAR,NO DESPACHADO CENTRALMENTE,AUTOG PEQ. ESCALA,EXEC,RAD SOLAR,2023-08-31,OPERACION,2024-05-13
Sistema,3IMN,AGPE BODYTECH CHAPINERO,SOLAR,NO DESPACHADO CENTRALMENTE,AUTOG PEQ. ESCALA,EXEC,RAD SOLAR,2023-08-31,OPERACION,2024-05-13
Sistema,3INT,AGPE JOSE ALFREDO GNECCO ZULETA,SOLAR,NO DESPACHADO CENTRALMENTE,AUTOG PEQ. ESCALA,NEUC,RAD SOLAR,2023-09-07,OPERACION,2024-05-13
Sistema,3INX,CARACOLI I,SOLAR,DESPACHADO CENTRALMENTE,NORMAL,SDCG,RAD SOLAR,2023-07-31,PRUEBAS,2024-05-13
Sistema,3IOY,AGPE NORMANDY,SOLAR,NO DESPACHADO CENTRALMENTE,AUTOG PEQ. ESCALA,EPMC,RAD SOLAR,2023-09-14,OPERACION,2024-05-13
Sistema,3IP1,AGPE FLORES DEL ZORRO,SOLAR,NO DESPACHADO CENTRALMENTE,AUTOG PEQ. ESCALA,ETTC,RAD SOLAR,2023-09-14,OPERACION,2024-05-13
Sistema,3IP3,AGPE LUZ MILA MORELLI SOCARRAS,SOLAR,NO DESPACHADO CENTRALMENTE,AUTOG PEQ. ESCALA,NEUC,RAD SOLAR,2023-09-14,OPERACION,2024-05-13
Sistema,3IP5,AGPE INVERSIONES VILLA ROSA DEL CESAR,SOLAR,NO DESPACHADO CENTRALMENTE,AUTOG PEQ. ESCALA,NEUC,RAD SOLAR,2023-09-14,OPERACION,2024-05-13
Sistema,3IP7,AGPE ALCIELO CONSTRUCTORA,SOLAR,NO DESPACHADO CENTRALMENTE,AUTOG PEQ. ESCALA,SCEC,RAD SOLAR,2023-09-14,OPERACION,2024-05-13
Sistema,3IQ2,AGPE LA CALI PRINCIPAL,SOLAR,NO DESPACHADO CENTRALMENTE,AUTOG PEQ. ESCALA,GNCC,RAD SOLAR,2023-09-14,OPERACION,2024-05-13
Sistema,3IQA,SUNNORTE,SOLAR,DESPACHADO CENTRALMENTE,NORMAL,GNSG,RAD SOLAR,2022-12-31,PRUEBAS,2024-05-13
Sistema,3IRI,ITUANGO_P,HIDRAULICA,DESPACHADO CENTRALMENTE,NORMAL,EPMG,AGUA,2022-12-31,PRUEBAS,2024-05-13
Sistema,3IRX,PORTON DEL SOL,SOLAR,DESPACHADO CENTRALMENTE,NORMAL,PDSG,RAD SOLAR,2024-03-08,OPERACION,2024-05-13
Sistema,3IRZ,LA CASCADA DE GRANADA,HIDRAULICA,NO DESPACHADO CENTRALMENTE,NORMAL,SFEG,AGUA,2023-09-30,OPERACION,2024-05-13
Sistema,3IS2,PARQUE SOLAR ARENAL,SOLAR,NO DESPACHADO CENTRALMENTE,NORMAL,NTCG,RAD SOLAR,2023-12-30,OPERACION,2024-05-13
Sistema,3ISD,AGPE ORF SA,SOLAR,NO DESPACHADO CENTRALMENTE,AUTOG PEQ. ESCALA,ISGC,RAD SOLAR,2023-10-01,OPERACION,2024-05-13
Sistema,3ITE,AGPE UNICOR JUANITA ISAZA,SOLAR,NO DESPACHADO CENTRALMENTE,AUTOG PEQ. ESCALA,NEUC,RAD SOLAR,2023-10-05,OPERACION,2024-05-13
Sistema,3ITG,AGPE INVERSIONES MONGNE,SOLAR,NO DESPACHADO CENTRALMENTE,AUTOG PEQ. ESCALA,NEUC,RAD SOLAR,2023-10-05,OPERACION,2024-05-13
Sistema,3ITI,AGPE GERMAN FRANCISCO MORON,SOLAR,NO DESPACHADO CENTRALMENTE,AUTOG PEQ. ESCALA,NEUC,RAD SOLAR,2023-10-05,OPERACION,2024-05-13
Sistema,3ITK,AGPE INDUSTRIAS MACAR PALMIRA,SOLAR,NO DESPACHADO CENTRALMENTE,AUTOG PEQ. ESCALA,QIEC,RAD SOLAR,2023-10-05,OPERACION,2024-05-13
Sistema,3ITM,AGPE HACIENDA SAN FELIPE,SOLAR,NO DESPACHADO CENTRALMENTE,AUTOG PEQ. ESCALA,GNCC,RAD SOLAR,2023-10-05,OPERACION,2024-05-13
Sistema,3ITO,AGPE NUTRILACTEOS DEL SUR,SOLAR,NO DESPACHADO CENTRALMENTE,AUTOG PEQ. ESCALA,GNCC,RAD SOLAR,2023-10-05,OPERACION,2024-05-13
Sistema,3ITQ,AGPE HOTEL ASTOR BYHOURS,SOLAR,NO DESPACHADO CENTRALMENTE,AUTOG PEQ. ESCALA,GNCC,RAD SOLAR,2023-10-05,OPERACION,2024-05-13
Sistema,3IUT,AGPE RESIDENCIA SIGLO XXI,SOLAR,NO DESPACHADO CENTRALMENTE,AUTOG PEQ. ESCALA,SCEC,RAD SOLAR,2023-10-10,OPERACION,2024-05-13
Sistema,3IUZ,AGPE LADRILLERA SANTANDER,SOLAR,NO DESPACHADO CENTRALMENTE,AUTOG PEQ. ESCALA,FERC,RAD SOLAR,2023-10-12,OPERACION,2024-05-13
Sistema,3IZ6,PARQUE SOLAR LA UNION,SOLAR,DESPACHADO CENTRALMENTE,NORMAL,SLUG,RAD SOLAR,2023-02-28,PRUEBAS,2024-05-13
Sistema,3IZQ,AGPE FARMATODO MANGA,SOLAR,NO DESPACHADO CENTRALMENTE,AUTOG PEQ. ESCALA,GNCC,RAD SOLAR,2023-10-26,OPERACION,2024-05-13
Sistema,3IZS,AGPE IML ETIQUETAS,SOLAR,NO DESPACHADO CENTRALMENTE,AUTOG PEQ. ESCALA,EEPC,RAD SOLAR,2023-10-26,OPERACION,2024-05-13
Sistema,3IZU,AGPE RAMIREZ ZULUAGA E HIJOS,SOLAR,NO DESPACHADO CENTRALMENTE,AUTOG PEQ. ESCALA,QIEC,RAD SOLAR,2023-10-26,OPERACION,2024-05-13
Sistema,3IZW,AGPE COMFENALCO QUINDIO,SOLAR,NO DESPACHADO CENTRALMENTE,AUTOG PEQ. ESCALA,EPMC,RAD SOLAR,2023-10-26,OPERACION,2024-05-13
Sistema,3J1J,PARQUE SOLAR HONDA I,SOLAR,NO DESPACHADO CENTRALMENTE,NORMAL,AAGG,RAD SOLAR,2023-12-28,OPERACION,2024-05-13
Sistema,3J2B,SOLAR PLANETA RICA,SOLAR,NO DESPACHADO CENTRALMENTE,NORMAL,EPSG,RAD SOLAR,2024-04-17,OPERACION,2024-05-13
Sistema,3J2H,PETALO DE CORDOBA II,SOLAR,NO DESPACHADO CENTRALMENTE,NORMAL,BCCG,RAD SOLAR,2023-12-16,OPERACION,2024-05-13
Sistema,3J2K,AGPE DISPROLACTEOS,SOLAR,NO DESPACHADO CENTRALMENTE,AUTOG PEQ. ESCALA,SCEC,RAD SOLAR,2023-11-16,OPERACION,2024-05-13
Sistema,3J2O,AGPE BODYTECH CHICO,SOLAR,NO DESPACHADO CENTRALMENTE,AUTOG PEQ. ESCALA,EXEC,RAD SOLAR,2023-11-16,OPERACION,2024-05-13
Sistema,3J2Q,AGPE LA CORSARIA,SOLAR,NO DESPACHADO CENTRALMENTE,AUTOG PEQ. ESCALA,RTQC,RAD SOLAR,2023-11-16,OPERACION,2024-05-13
Sistema,3J2Y,AGPE HUMAX,SOLAR,NO DESPACHADO CENTRALMENTE,AUTOG PEQ. ESCALA,GNCC,RAD SOLAR,2023-11-23,OPERACION,2024-05-13
Sistema,3J31,AGPE EDS SAN RAFAEL,SOLAR,NO DESPACHADO CENTRALMENTE,AUTOG PEQ. ESCALA,TPLC,RAD SOLAR,2023-11-23,OPERACION,2024-05-13
Sistema,3J33,AGPE GRAFICAS DIAMANTE,SOLAR,NO DESPACHADO CENTRALMENTE,AUTOG PEQ. ESCALA,GNCC,RAD SOLAR,2023-11-23,OPERACION,2024-05-13
Sistema,3J35,AGPE EDIFICIO V1501,SOLAR,NO DESPACHADO CENTRALMENTE,AUTOG PEQ. ESCALA,ASCC,RAD SOLAR,2023-11-23,OPERACION,2024-05-13
Sistema,3J37,AGPE INVERSIONES PASTO,SOLAR,NO DESPACHADO CENTRALMENTE,AUTOG PEQ. ESCALA,ASCC,RAD SOLAR,2023-11-23,OPERACION,2024-05-13
Sistema,3J39,AGPE MAXXILLANTAS NO2,SOLAR,NO DESPACHADO CENTRALMENTE,AUTOG PEQ. ESCALA,SCEC,RAD SOLAR,2023-11-23,OPERACION,2024-05-13
Sistema,3J3B,AGPE BELLAVISTA COAL,SOLAR,NO DESPACHADO CENTRALMENTE,AUTOG PEQ. ESCALA,GNCC,RAD SOLAR,2023-11-23,OPERACION,2024-05-13
Sistema,3J3D,AGPE LA TURBINA,SOLAR,NO DESPACHADO CENTRALMENTE,AUTOG PEQ. ESCALA,SCEC,RAD SOLAR,2023-11-23,OPERACION,2024-05-13
Sistema,3J4D,CAIMAN CIENAGUERO,SOLAR,NO DESPACHADO CENTRALMENTE,NORMAL,GNYG,RAD SOLAR,2023-12-15,OPERACION,2024-05-13
Sistema,3J4R,PARQUE SOLAR DINAMARCA,SOLAR,NO DESPACHADO CENTRALMENTE,NORMAL,GNYG,RAD SOLAR,2024-03-11,OPERACION,2024-05-13
Sistema,3J4T,PARQUE SOLAR VERSALLES,SOLAR,NO DESPACHADO CENTRALMENTE,NORMAL,GNYG,RAD SOLAR,2024-03-11,OPERACION,2024-05-13
Sistema,3J4V,PARQUE SOLAR LA MENA,SOLAR,NO DESPACHADO CENTRALMENTE,NORMAL,GNYG,RAD SOLAR,2024-02-16,OPERACION,2024-05-13
Sistema,3J5V,AGPE LUCAS JARAMILLO MONTOYA,SOLAR,NO DESPACHADO CENTRALMENTE,AUTOG PEQ. ESCALA,SCEC,RAD SOLAR,2023-12-04,OPERACION,2024-05-13
Sistema,3J5X,AGPE NATACHA JARAMILLO MONTOYA,SOLAR,NO DESPACHADO CENTRALMENTE,AUTOG PEQ. ESCALA,SCEC,RAD SOLAR,2023-12-04,OPERACION,2024-05-13
Sistema,3J83,GUAMO,SOLAR,NO DESPACHADO CENTRALMENTE,NORMAL,ERRG,RAD SOLAR,2023-10-31,PRUEBAS,2024-05-13
Sistema,3J85,NUMBANA,SOLAR,NO DESPACHADO CENTRALMENTE,NORMAL,ERRG,RAD SOLAR,2023-10-31,PRUEBAS,2024-05-13
Sistema,3J8B,AGPE TIENDA Y EXPEDIDO DE CARNES JC,SOLAR,NO DESPACHADO CENTRALMENTE,AUTOG PEQ. ESCALA,GNCC,RAD SOLAR,2023-12-14,OPERACION,2024-05-13
Sistema,3J8T,AGPE TREKKER HOSTELS,SOLAR,NO DESPACHADO CENTRALMENTE,AUTOG PEQ. ESCALA,NEUC,RAD SOLAR,2023-12-21,OPERACION,2024-05-13
Sistema,3J8V,AGPE ARA CARTAGENA SANTA MONICA,SOLAR,NO DESPACHADO CENTRALMENTE,AUTOG PEQ. ESCALA,NEUC,RAD SOLAR,2023-12-21,OPERACION,2024-05-13
Sistema,3J8X,AGPE ARA CARTAGENA LOS CORALES,SOLAR,NO DESPACHADO CENTRALMENTE,AUTOG PEQ. ESCALA,NEUC,RAD SOLAR,2023-12-21,OPERACION,2024-05-13
Sistema,3J8Z,AGPE ARA CARTAGENA PROVIDENCIA,SOLAR,NO DESPACHADO CENTRALMENTE,AUTOG PEQ. ESCALA,NEUC,RAD SOLAR,2023-12-21,OPERACION,2024-05-13
Sistema,3JA3,AGPE PORTAL DEL CARIBE,SOLAR,NO DESPACHADO CENTRALMENTE,AUTOG PEQ. ESCALA,GNCC,RAD SOLAR,2023-12-21,OPERACION,2024-05-13
Sistema,3JBP,LA NENERA,SOLAR,NO DESPACHADO CENTRALMENTE,GEN. DISTRIBUIDA,ERRG,RAD SOLAR,2024-01-13,OPERACION,2024-05-13
Sistema,3JG3,AGPE MULTIIDEAS SAS,SOLAR,NO DESPACHADO CENTRALMENTE,AUTOG PEQ. ESCALA,GNCC,RAD SOLAR,2024-01-18,OPERACION,2024-05-13
Sistema,3JG5,AGPE FARMATODO RODADERO,SOLAR,NO DESPACHADO CENTRALMENTE,AUTOG PEQ. ESCALA,GNCC,RAD SOLAR,2024-01-18,OPERACION,2024-05-13
Sistema,3JHX,AGPE LA MASIA,SOLAR,NO DESPACHADO CENTRALMENTE,AUTOG PEQ. ESCALA,RTQC,RAD SOLAR,2024-01-18,OPERACION,2024-05-13
Sistema,3JHZ,AGPE PLATINUM INVESTMENTS,SOLAR,NO DESPACHADO CENTRALMENTE,AUTOG PEQ. ESCALA,ASCC,RAD SOLAR,2024-01-18,OPERACION,2024-05-13
Sistema,3JI2,AGPE SAMUEL DAVID JULIO AMIGO,SOLAR,NO DESPACHADO CENTRALMENTE,AUTOG PEQ. ESCALA,SCEC,RAD SOLAR,2024-01-18,OPERACION,2024-05-13
Sistema,3JI4,AGPE INVERSIONES COSIE,SOLAR,NO DESPACHADO CENTRALMENTE,AUTOG PEQ. ESCALA,ETTC,RAD SOLAR,2024-01-18,OPERACION,2024-05-13
Sistema,3JNL,AGPE MOLINOS EL YOPAL,SOLAR,NO DESPACHADO CENTRALMENTE,AUTOG PEQ. ESCALA,GNCC,RAD SOLAR,2024-05-01,OPERACION,2024-05-13
Sistema,3JNN,AGPE CENTROABASTOS SA,SOLAR,NO DESPACHADO CENTRALMENTE,AUTOG PEQ. ESCALA,RTQC,RAD SOLAR,2024-02-08,OPERACION,2024-05-13
Sistema,3JNP,AGPE LENA BEATRIZ REZA GARCIA,SOLAR,NO DESPACHADO CENTRALMENTE,AUTOG PEQ. ESCALA,SCEC,RAD SOLAR,2024-02-08,OPERACION,2024-05-13
Sistema,3JNR,AUTOG UNIBOL 1,TERMICA,NO DESPACHADO CENTRALMENTE,AUTOGENERADOR,NRCG,GAS,2024-02-11,OPERACION,2024-05-13
Sistema,3JP6,GD BASILICA,SOLAR,NO DESPACHADO CENTRALMENTE,GEN. DISTRIBUIDA,EPSG,RAD SOLAR,2024-02-16,OPERACION,2024-05-13
Sistema,3JP8,GD LA URIBE,SOLAR,NO DESPACHADO CENTRALMENTE,GEN. DISTRIBUIDA,EPSG,RAD SOLAR,2024-03-14,OPERACION,2024-05-13
Sistema,3JPA,GD ALFEREZ,SOLAR,NO DESPACHADO CENTRALMENTE,GEN. DISTRIBUIDA,EPSG,RAD SOLAR,2024-02-22,OPERACION,2024-05-13
Sistema,3JPC,GD CHICORAL,SOLAR,NO DESPACHADO CENTRALMENTE,GEN. DISTRIBUIDA,EPSG,RAD SOLAR,2024-02-29,PRUEBAS,2024-05-13
Sistema,3JPE,GD LOS CHORROS,SOLAR,NO DESPACHADO CENTRALMENTE,GEN. DISTRIBUIDA,EPSG,RAD SOLAR,2024-02-16,OPERACION,2024-05-13
Sistema,3JPK,MINIGRANJA SAN PEDRO,SOLAR,NO DESPACHADO CENTRALMENTE,GEN. DISTRIBUIDA,NTCG,RAD SOLAR,2024-02-27,OPERACION,2024-05-13
Sistema,3JPM,BARAYA,SOLAR,NO DESPACHADO CENTRALMENTE,GEN. DISTRIBUIDA,UNGG,RAD SOLAR,2024-02-18,OPERACION,2024-05-13
Sistema,3JQA,GD EL BANCO,SOLAR,NO DESPACHADO CENTRALMENTE,GEN. DISTRIBUIDA,EPSG,RAD SOLAR,2024-02-22,OPERACION,2024-05-13
Sistema,3JQC,GANDALF,SOLAR,NO DESPACHADO CENTRALMENTE,GEN. DISTRIBUIDA,UNGG,RAD SOLAR,2024-02-22,OPERACION,2024-05-13
Sistema,3JQE,CANAHUATE,SOLAR,NO DESPACHADO CENTRALMENTE,GEN. DISTRIBUIDA,UNGG,RAD SOLAR,2024-02-22,OPERACION,2024-05-13
Sistema,3JQL,AGPE CORPORACION CLUB COLOMBIA,SOLAR,NO DESPACHADO CENTRALMENTE,AUTOG PEQ. ESCALA,ASCC,RAD SOLAR,2024-02-22,OPERACION,2024-05-13
Sistema,3JQT,AGPE TELESENTINEL,SOLAR,NO DESPACHADO CENTRALMENTE,AUTOG PEQ. ESCALA,ETTC,RAD SOLAR,2024-02-22,OPERACION,2024-05-13
Sistema,3JQV,AGPE ARA SAN VICENTE,SOLAR,NO DESPACHADO CENTRALMENTE,AUTOG PEQ. ESCALA,GNCC,RAD SOLAR,2024-02-22,OPERACION,2024-05-13
Sistema,3JQX,AGPE MODULTEC II,SOLAR,NO DESPACHADO CENTRALMENTE,AUTOG PEQ. ESCALA,GNCC,RAD SOLAR,2024-02-22,OPERACION,2024-05-13
Sistema,3JQZ,AGPE MODULTEC I,SOLAR,NO DESPACHADO CENTRALMENTE,AUTOG PEQ. ESCALA,GNCC,RAD SOLAR,2024-02-22,OPERACION,2024-05-13
Sistema,3JR2,AGPE MODULTEC III,SOLAR,NO DESPACHADO CENTRALMENTE,AUTOG PEQ. ESCALA,GNCC,RAD SOLAR,2024-02-22,OPERACION,2024-05-13
Sistema,3K52,AGPE SINCRON OFICINAS,SOLAR,NO DESPACHADO CENTRALMENTE,AUTOG PEQ. ESCALA,ENBC,RAD SOLAR,2024-02-29,OPERACION,2024-05-13
Sistema,3K54,AGPE SINCRON PANCE,SOLAR,NO DESPACHADO CENTRALMENTE,AUTOG PEQ. ESCALA,ENBC,RAD SOLAR,2024-02-29,OPERACION,2024-05-13
Sistema,3K56,AGPE AMISALUD SAS,SOLAR,NO DESPACHADO CENTRALMENTE,AUTOG PEQ. ESCALA,ENBC,RAD SOLAR,2024-02-29,OPERACION,2024-05-13
Sistema,3K5A,AGPE CLINICA SALUD ORAL,SOLAR,NO DESPACHADO CENTRALMENTE,AUTOG PEQ. ESCALA,GNCC,RAD SOLAR,2024-02-29,OPERACION,2024-05-13
Sistema,3K5C,AGPE GRASAS Y LACTEOS DE OCCIDENTE,SOLAR,NO DESPACHADO CENTRALMENTE,AUTOG PEQ. ESCALA,EPSC,RAD SOLAR,2024-02-29,OPERACION,2024-05-13
Sistema,3K5E,AGPE CONGNAR,SOLAR,NO DESPACHADO CENTRALMENTE,AUTOG PEQ. ESCALA,ETTC,RAD SOLAR,2024-02-29,OPERACION,2024-05-13
Sistema,3K5G,AGPE EDGAVDA,SOLAR,NO DESPACHADO CENTRALMENTE,AUTOG PEQ. ESCALA,ETTC,RAD SOLAR,2024-02-29,OPERACION,2024-05-13
Sistema,3K5I,AGPE ARIS TEXTIL SAS,SOLAR,NO DESPACHADO CENTRALMENTE,AUTOG PEQ. ESCALA,GNCC,RAD SOLAR,2024-02-29,OPERACION,2024-05-13
Sistema,3K5Y,AGPE SALUD FORMA MEDICAL ESTHETIC,SOLAR,NO DESPACHADO CENTRALMENTE,AUTOG PEQ. ESCALA,SCEC,RAD SOLAR,2024-03-01,OPERACION,2024-05-13
Sistema,3K6R,AGPE PANADERIA GALAN,SOLAR,NO DESPACHADO CENTRALMENTE,AUTOG PEQ. ESCALA,GNCC,RAD SOLAR,2024-03-07,OPERACION,2024-05-13
Sistema,3K6T,SOLAR ALEJANDRIA,SOLAR,NO DESPACHADO CENTRALMENTE,NORMAL,GNYG,RAD SOLAR,2024-04-27,OPERACION,2024-05-13
Sistema,3K6V,AGPE BANCO DE BOGOTA JAMUNDI,SOLAR,NO DESPACHADO CENTRALMENTE,AUTOG PEQ. ESCALA,GNCC,RAD SOLAR,2024-03-07,OPERACION,2024-05-13
Sistema,3K6X,GD LA HONDA,SOLAR,NO DESPACHADO CENTRALMENTE,GEN. DISTRIBUIDA,EPSG,RAD SOLAR,2024-03-14,OPERACION,2024-05-13
Sistema,3K7L,AGPE RTS TULUA,SOLAR,NO DESPACHADO CENTRALMENTE,AUTOG PEQ. ESCALA,GNCC,RAD SOLAR,2024-03-14,OPERACION,2024-05-13
Sistema,3K7N,AGPE FUNGICOL Y CIA,SOLAR,NO DESPACHADO CENTRALMENTE,AUTOG PEQ. ESCALA,GNCC,RAD SOLAR,2024-03-14,OPERACION,2024-05-13
Sistema,3K7P,AGPE ANDALUCIA TALLER,SOLAR,NO DESPACHADO CENTRALMENTE,AUTOG PEQ. ESCALA,GNCC,RAD SOLAR,2024-03-14,OPERACION,2024-05-13
Sistema,3K7R,AGPE ANDALUCIA POSCOSECHA,SOLAR,NO DESPACHADO CENTRALMENTE,AUTOG PEQ. ESCALA,GNCC,RAD SOLAR,2024-03-14,OPERACION,2024-05-13
Sistema,3K7T,AGPE ANDALUCIA PORTERIA,SOLAR,NO DESPACHADO CENTRALMENTE,AUTOG PEQ. ESCALA,GNCC,RAD SOLAR,2024-03-14,OPERACION,2024-05-13
Sistema,3K88,AGPE FABRICA CALZADO ROMULO,SOLAR,NO DESPACHADO CENTRALMENTE,AUTOG PEQ. ESCALA,FERC,RAD SOLAR,2024-03-21,OPERACION,2024-05-13
Sistema,3K8A,CELSIA SOLAR ALUMINA,SOLAR,NO DESPACHADO CENTRALMENTE,AUTOGENERADOR,EPSG,RAD SOLAR,2024-03-24,OPERACION,2024-05-13
Sistema,3K8C,BSB 503,SOLAR,NO DESPACHADO CENTRALMENTE,NORMAL,ISGG,RAD SOLAR,2023-07-31,PRUEBAS,2024-05-13
Sistema,3K8E,BSB 504,SOLAR,NO DESPACHADO CENTRALMENTE,NORMAL,ISGG,RAD SOLAR,2023-07-31,PRUEBAS,2024-05-13
Sistema,3K91,AGPE CALZACOSTA OFICINAS,SOLAR,NO DESPACHADO CENTRALMENTE,AUTOG PEQ. ESCALA,GNCC,RAD SOLAR,2024-03-28,OPERACION,2024-05-13
Sistema,3K93,AGPE CI FARMAPLAST,SOLAR,NO DESPACHADO CENTRALMENTE,AUTOG PEQ. ESCALA,ETTC,RAD SOLAR,2024-03-28,OPERACION,2024-05-13
Sistema,3KA2,AGPE PEDRO ANTONIO TOSCANO TOSCANO,SOLAR,NO DESPACHADO CENTRALMENTE,AUTOG PEQ. ESCALA,SCEC,RAD SOLAR,2024-04-01,OPERACION,2024-05-13
Sistema,3KA6,AGPE CC LA FLORIDA I,SOLAR,NO DESPACHADO CENTRALMENTE,AUTOG PEQ. ESCALA,RTQC,RAD SOLAR,2024-04-04,OPERACION,2024-05-13
Sistema,3KA8,AGPE SOLUCIONES ADUANERAS,SOLAR,NO DESPACHADO CENTRALMENTE,AUTOG PEQ. ESCALA,BIAC,RAD SOLAR,2024-04-04,OPERACION,2024-05-13
Sistema,3KE2,AGPE BICITIENDA JR,SOLAR,NO DESPACHADO CENTRALMENTE,AUTOG PEQ. ESCALA,SCEC,RAD SOLAR,2024-04-11,OPERACION,2024-05-13
Sistema,3KE4,AGPE CARLOS MANUEL BOOM BURGOS,SOLAR,NO DESPACHADO CENTRALMENTE,AUTOG PEQ. ESCALA,SCEC,RAD SOLAR,2024-04-11,OPERACION,2024-05-13
Sistema,3KE6,AGPE KALA,SOLAR,NO DESPACHADO CENTRALMENTE,AUTOG PEQ. ESCALA,ETTC,RAD SOLAR,2024-04-11,OPERACION,2024-05-13
Sistema,3KJK,SOL Y CIELO I,SOLAR,NO DESPACHADO CENTRALMENTE,NORMAL,EYCG,RAD SOLAR,2023-12-31,PRUEBAS,2024-05-13
Sistema,3KK1,AGPE MEAT MARKET,SOLAR,NO DESPACHADO CENTRALMENTE,AUTOG PEQ. ESCALA,ENBC,RAD SOLAR,2024-04-18,OPERACION,2024-05-13
Sistema,3KK3,AGPE VITELSA,SOLAR,NO DESPACHADO CENTRALMENTE,AUTOG PEQ. ESCALA,ETTC,RAD SOLAR,2024-04-18,OPERACION,2024-05-13
Sistema,3KK5,AGPE DINISSAN CALI,SOLAR,NO DESPACHADO CENTRALMENTE,AUTOG PEQ. ESCALA,ETTC,RAD SOLAR,2024-04-18,OPERACION,2024-05-13
Sistema,3KK7,AGPE ABISAI,SOLAR,NO DESPACHADO CENTRALMENTE,AUTOG PEQ. ESCALA,ETTC,RAD SOLAR,2024-04-18,OPERACION,2024-05-13
Sistema,3KK9,AGPE SUPERCANAVERAL,SOLAR,NO DESPACHADO CENTRALMENTE,AUTOG PEQ. ESCALA,ETTC,RAD SOLAR,2024-04-18,OPERACION,2024-05-13
Sistema,3KKB,AGPE JORGE EMILIO MONTES,SOLAR,NO DESPACHADO CENTRALMENTE,AUTOG PEQ. ESCALA,SCEC,RAD SOLAR,2024-04-18,OPERACION,2024-05-13
Sistema,3KKD,AGPE VITE,SOLAR,NO DESPACHADO CENTRALMENTE,AUTOG PEQ. ESCALA,ETTC,RAD SOLAR,2024-04-18,OPERACION,2024-05-13
Sistema,3KL4,POWER PLANT DRUMMOND 1,TERMICA,NO DESPACHADO CENTRALMENTE,AUTOGENERADOR,DRUG,GAS,2024-04-22,OPERACION,2024-05-13
Sistema,3KL6,AGPE GASTROCESAR,SOLAR,NO DESPACHADO CENTRALMENTE,AUTOG PEQ. ESCALA,NEUC,RAD SOLAR,2024-04-20,OPERACION,2024-05-13
Sistema,3KL8,AGPE MANUEL GONZALEZ CASA 1,SOLAR,NO DESPACHADO CENTRALMENTE,AUTOG PEQ. ESCALA,SCEC,RAD SOLAR,2024-04-20,OPERACION,2024-05-13
Sistema,3KLA,AGPE JAIME HUMBERTO VELEZ,SOLAR,NO DESPACHADO CENTRALMENTE,AUTOG PEQ. ESCALA,ENBC,RAD SOLAR,2024-04-20,OPERACION,2024-05-13
Sistema,3KLC,AGPE ALFONSO PAYAN,SOLAR,NO DESPACHADO CENTRALMENTE,AUTOG PEQ. ESCALA,ENBC,RAD SOLAR,2024-04-20,OPERACION,2024-05-13
Sistema,3KLE,AGPE ALFREDO PACHECO,SOLAR,NO DESPACHADO CENTRALMENTE,AUTOG PEQ. ESCALA,ENBC,RAD SOLAR,2024-04-20,OPERACION,2024-05-13
Sistema,3KLG,AGPE CHM MINERIA SAS,SOLAR,NO DESPACHADO CENTRALMENTE,AUTOG PEQ. ESCALA,QIEC,RAD SOLAR,2024-04-20,OPERACION,2024-05-13
Sistema,3KLI,AGPE JUAN ERAZO,SOLAR,NO DESPACHADO CENTRALMENTE,AUTOG PEQ. ESCALA,ENBC,RAD SOLAR,2024-04-20,OPERACION,2024-05-13
Sistema,3KLK,AGPE SEMINARIO DIOCESANO CRISTO SACERDOTE,SOLAR,NO DESPACHADO CENTRALMENTE,AUTOG PEQ. ESCALA,CETC,RAD SOLAR,2024-04-21,OPERACION,2024-05-13
Sistema,3KLM,AGPE BERNARDO LENIS,SOLAR,NO DESPACHADO CENTRALMENTE,AUTOG PEQ. ESCALA,ENBC,RAD SOLAR,2024-04-22,OPERACION,2024-05-13
Sistema,3KLO,AGPE HENRI GALVIS NIETO,SOLAR,NO DESPACHADO CENTRALMENTE,AUTOG PEQ. ESCALA,GNCC,RAD SOLAR,2024-04-22,OPERACION,2024-05-13
Sistema,3KLQ,AUTOG TERMOMACAGUA 1,TERMICA,NO DESPACHADO CENTRALMENTE,AUTOGENERADOR,GSAG,GAS,2024-02-29,PRUEBAS,2024-05-13
Sistema,3KLS,AGPE PARDO CORENA LTDA,SOLAR,NO DESPACHADO CENTRALMENTE,AUTOG PEQ. ESCALA,SCEC,RAD SOLAR,2024-04-23,OPERACION,2024-05-13
Sistema,3KLU,AGPE SUMILAN,SOLAR,NO DESPACHADO CENTRALMENTE,AUTOG PEQ. ESCALA,GNCC,RAD SOLAR,2024-04-25,OPERACION,2024-05-13
Sistema,3KO9,AGPE CACHARRERIA JUNIOR L,SOLAR,NO DESPACHADO CENTRALMENTE,AUTOG PEQ. ESCALA,SCEC,RAD SOLAR,2024-04-25,OPERACION,2024-05-13
Sistema,3KOD,ECOPARQUE SOLAR BRISAS,SOLAR,NO DESPACHADO CENTRALMENTE,AUTOGENERADOR,GECG,RAD SOLAR,2024-04-27,OPERACION,2024-05-13
Sistema,3KOJ,AGPE MADEPAL,SOLAR,NO DESPACHADO CENTRALMENTE,AUTOG PEQ. ESCALA,CETC,RAD SOLAR,2024-04-27,OPERACION,2024-05-13
Sistema,3KOL,GD PALERMO,SOLAR,NO DESPACHADO CENTRALMENTE,GEN. DISTRIBUIDA,EPSG,RAD SOLAR,2024-02-29,PRUEBAS,2024-05-13
Sistema,3KOP,AGPE CASITA DEL CUY,SOLAR,NO DESPACHADO CENTRALMENTE,AUTOG PEQ. ESCALA,NEUC,RAD SOLAR,2024-04-28,OPERACION,2024-05-13
Sistema,3KOR,AGPE SUBASTAR SAHAGUN,SOLAR,NO DESPACHADO CENTRALMENTE,AUTOG PEQ. ESCALA,SCEC,RAD SOLAR,2024-04-28,OPERACION,2024-05-13
Sistema,3KOT,AGPE CESAR JULIO HERNANDEZ,SOLAR,NO DESPACHADO CENTRALMENTE,AUTOG PEQ. ESCALA,SCEC,RAD SOLAR,2024-04-28,OPERACION,2024-05-13
Sistema,3KOV,AGPE INDUSTRIAS NEGLE II,SOLAR,NO DESPACHADO CENTRALMENTE,AUTOG PEQ. ESCALA,NEUC,RAD SOLAR,2024-04-28,OPERACION,2024-05-13
Sistema,3KR2,AGPE FUNDACION  OFTALMOLOGICA,SOLAR,NO DESPACHADO CENTRALMENTE,AUTOG PEQ. ESCALA,BIAC,RAD SOLAR,2024-05-06,OPERACION,2024-05-13
Sistema,3KR4,AGPE CC LA FLORIDA II,SOLAR,NO DESPACHADO CENTRALMENTE,AUTOG PEQ. ESCALA,RTQC,RAD SOLAR,2024-05-06,OPERACION,2024-05-13
Sistema,3KR6,AGPE RAMON GIRALDO GONZALEZ,SOLAR,NO DESPACHADO CENTRALMENTE,AUTOG PEQ. ESCALA,SCEC,RAD SOLAR,2024-05-06,OPERACION,2024-05-13
Sistema,3KR8,AGPE MAURICIO VERGARA FRANCO,SOLAR,NO DESPACHADO CENTRALMENTE,AUTOG PEQ. ESCALA,SCEC,RAD SOLAR,2024-05-06,OPERACION,2024-05-13
Sistema,ABJ1,LA CASCADA ( ABEJORRAL),HIDRAULICA,NO DESPACHADO CENTRALMENTE,NORMAL,GPEG,AGUA,2007-09-17,OPERACION,2024-05-13
Sistema,AFR1,AGUA FRESCA,HIDRAULICA,NO DESPACHADO CENTRALMENTE,NORMAL,ADCG,AGUA,2008-04-10,OPERACION,2024-05-13
Sistema,ALBG,ALBAN,HIDRAULICA,DESPACHADO CENTRALMENTE,NORMAL,EPSG,AGUA,2000-12-15,OPERACION,2024-05-13
Sistema,ALTG,ALTO TULUA,HIDRAULICA,NO DESPACHADO CENTRALMENTE,NORMAL,EPSG,AGUA,2012-05-28,OPERACION,2024-05-13
Sistema,AMA1,AMAIME,HIDRAULICA,NO DESPACHADO CENTRALMENTE,NORMAL,EPSG,AGUA,2011-01-06,OPERACION,2024-05-13
Sistema,AMF1,AMALFI,HIDRAULICA,NO DESPACHADO CENTRALMENTE,GEN. DISTRIBUIDA,HZEG,AGUA,2007-08-05,OPERACION,2024-05-13
Sistema,AMR1,AMERICA,HIDRAULICA,NO DESPACHADO CENTRALMENTE,GEN. DISTRIBUIDA,EPMG,AGUA,1997-01-01,OPERACION,2024-05-13
Sistema,APHA,FUTURA - PARQUE ALPHA,EOLICA,DESPACHADO CENTRALMENTE,NORMAL,VNRG,VIENTO,2022-12-01,PRUEBAS,2024-05-13
Sistema,APLU,FUTURA - APOTOLORRU,EOLICA,DESPACHADO CENTRALMENTE,NORMAL,CHVG,VIENTO,2022-12-01,PRUEBAS,2024-05-13
Sistema,ARG1,AUTOG ARGOS CARTAGENA,TERMICA,NO DESPACHADO CENTRALMENTE,AUTOGENERADOR,EPSG,GAS,2016-03-15,OPERACION,2024-05-13
Sistema,ASN1,ASNAZU,HIDRAULICA,NO DESPACHADO CENTRALMENTE,GEN. DISTRIBUIDA,GNCG,AGUA,1934-01-01,OPERACION,2024-05-13
Sistema,AYR1,AUTOG AYURA,HIDRAULICA,NO DESPACHADO CENTRALMENTE,AUTOGENERADOR,EPMG,AGUA,1983-10-26,OPERACION,2024-05-13
Sistema,BAR1,BARROSO,HIDRAULICA,NO DESPACHADO CENTRALMENTE,NORMAL,ISGG,AGUA,2012-11-30,OPERACION,2024-05-13
Sistema,BETA,FUTURA - PARQUE BETA,EOLICA,DESPACHADO CENTRALMENTE,NORMAL,EOEG,VIENTO,2022-12-01,PRUEBAS,2024-05-13
Sistema,BLL3,BELLO,HIDRAULICA,NO DESPACHADO CENTRALMENTE,NORMAL,EPMG,AGUA,1997-01-01,OPERACION,2024-05-13
Sistema,BLM1,BELMONTE,HIDRAULICA,NO DESPACHADO CENTRALMENTE,NORMAL,EEPG,AGUA,1939-01-01,OPERACION,2024-05-13
Sistema,BSQ1,EL BOSQUE,HIDRAULICA,NO DESPACHADO CENTRALMENTE,NORMAL,ERCG,AGUA,1935-01-01,OPERACION,2024-05-13
Sistema,BYN1,BAYONA,HIDRAULICA,NO DESPACHADO CENTRALMENTE,GEN. DISTRIBUIDA,CALG,AGUA,1943-01-01,OPERACION,2024-05-13
Sistema,CAS1,CENTRAL CASTILLA 1,COGENERADOR,NO DESPACHADO CENTRALMENTE,COGENERADOR,RPEG,BAGAZO,2004-08-15,OPERACION,2024-05-13
Sistema,CCN1,COCONUCO,HIDRAULICA,NO DESPACHADO CENTRALMENTE,NORMAL,EMEG,AGUA,2000-09-27,OPERACION,2024-05-13
Sistema,CELE,FUTURA - CASA ELECTRICA,EOLICA,DESPACHADO CENTRALMENTE,NORMAL,CHVG,VIENTO,2022-12-01,PRUEBAS,2024-05-13
Sistema,CGM1,MAYAGUEZ 1,COGENERADOR,NO DESPACHADO CENTRALMENTE,COGENERADOR,EPSG,BAGAZO,2010-08-17,OPERACION,2024-05-13
Sistema,CHBG,BETANIA,HIDRAULICA,DESPACHADO CENTRALMENTE,NORMAL,ENDG,AGUA,1987-11-01,OPERACION,2024-05-13
Sistema,CHVR,CHIVOR,HIDRAULICA,DESPACHADO CENTRALMENTE,NORMAL,CHVG,AGUA,1977-05-23,OPERACION,2024-05-13
Sistema,CIP1,INGENIO PROVIDENCIA 2,COGENERADOR,NO DESPACHADO CENTRALMENTE,COGENERADOR,NTCG,BAGAZO,2009-05-18,OPERACION,2024-05-13
Sistema,CIS1,INGENIO SAN CARLOS 1,COGENERADOR,NO DESPACHADO CENTRALMENTE,COGENERADOR,EPSG,BAGAZO,2011-07-23,OPERACION,2024-05-13
Sistema,CLDR,CALDERAS,HIDRAULICA,NO DESPACHADO CENTRALMENTE,NORMAL,ISGG,AGUA,2006-06-30,OPERACION,2024-05-13
Sistema,CLL1,CARLOS LLERAS,HIDRAULICA,DESPACHADO CENTRALMENTE,FILO AGUA ESPECIAL,HDPG,AGUA,2015-11-22,OPERACION,2024-05-13
Sistema,CLMG,CALIMA,HIDRAULICA,DESPACHADO CENTRALMENTE,NORMAL,EPSG,AGUA,1967-01-01,OPERACION,2024-05-13
Sistema,CMN1,AUTOG CEMENTOS DEL NARE,HIDRAULICA,NO DESPACHADO CENTRALMENTE,AUTOGENERADOR,EPMG,AGUA,2004-09-01,OPERACION,2024-05-13
Sistema,CMP2,CAMPESTRE (EPM),HIDRAULICA,NO DESPACHADO CENTRALMENTE,NORMAL,EPMG,AGUA,1997-01-01,OPERACION,2024-05-13
Sistema,COE1,COELLO,HIDRAULICA,NO DESPACHADO CENTRALMENTE,NORMAL,ENGG,AGUA,2016-12-10,OPERACION,2024-05-13
Sistema,CPT1,CAMPESTRE (CALARCA),HIDRAULICA,NO DESPACHADO CENTRALMENTE,NORMAL,CALG,AGUA,1956-01-01,OPERACION,2024-05-13
Sistema,CQT1,CHARQUITO,HIDRAULICA,NO DESPACHADO CENTRALMENTE,NORMAL,ENDG,AGUA,2003-08-22,OPERACION,2024-05-13
Sistema,CRC1,CARACOLI,HIDRAULICA,NO DESPACHADO CENTRALMENTE,FILO DE AGUA,EPMG,AGUA,1935-01-01,OPERACION,2024-05-13
Sistema,CSC1,CASCADA,HIDRAULICA,NO DESPACHADO CENTRALMENTE,NORMAL,EPMG,AGUA,1954-01-01,OPERACION,2024-05-13
Sistema,CTG1,CARTAGENA 1,TERMICA,DESPACHADO CENTRALMENTE,NORMAL,NTCG,COMBUSTOLEO,1995-07-20,OPERACION,2024-05-13
Sistema,CTG2,CARTAGENA 2,TERMICA,DESPACHADO CENTRALMENTE,NORMAL,NTCG,COMBUSTOLEO,1980-01-01,OPERACION,2024-05-13
Sistema,CTG3,CARTAGENA 3,TERMICA,DESPACHADO CENTRALMENTE,NORMAL,NTCG,COMBUSTOLEO,1980-01-01,OPERACION,2024-05-13
Sistema,CUC1,CUCUANA,HIDRAULICA,DESPACHADO CENTRALMENTE,FILO DE AGUA,EPSG,AGUA,2015-07-29,OPERACION,2024-05-13
Sistema,CUR1,CURRUCUCUES,HIDRAULICA,NO DESPACHADO CENTRALMENTE,NORMAL,NRCG,AGUA,2010-08-18,OPERACION,2024-05-13
Sistema,DVS1,DARIO VALENCIA SAMPER,HIDRAULICA,DESPACHADO CENTRALMENTE,FILO DE AGUA,ENDG,AGUA,2013-11-10,OPERACION,2024-05-13
Sistema,EPFV,EL PASO,SOLAR,DESPACHADO CENTRALMENTE,NORMAL,ENDG,RAD SOLAR,2024-03-23,OPERACION,2024-05-13
Sistema,EPSG,AUTOG EL COPEY,SOLAR,NO DESPACHADO CENTRALMENTE,AUTOGENERADOR,GECG,RAD SOLAR,2023-10-31,PRUEBAS,2024-05-13
Sistema,ESMR,ESMERALDA,HIDRAULICA,DESPACHADO CENTRALMENTE,FILO DE AGUA,EPMG,AGUA,1963-01-01,OPERACION,2024-05-13
Sistema,FLRD,FLORIDA,HIDRAULICA,NO DESPACHADO CENTRALMENTE,FILO DE AGUA,GNCG,AGUA,1975-01-01,OPERACION,2024-05-13
Sistema,GCA1,CARUQUIA,HIDRAULICA,NO DESPACHADO CENTRALMENTE,NORMAL,ISGG,AGUA,2010-01-28,OPERACION,2024-05-13
Sistema,GCC1,GUACAICA,HIDRAULICA,NO DESPACHADO CENTRALMENTE,GEN. DISTRIBUIDA,EPMG,AGUA,1992-01-01,OPERACION,2024-05-13
Sistema,GE32,GECELCA 32,TERMICA,DESPACHADO CENTRALMENTE,NORMAL,GECG,CARBON,2018-09-28,OPERACION,2024-05-13
Sistema,GEC3,GECELCA 3,TERMICA,DESPACHADO CENTRALMENTE,NORMAL,GECG,CARBON,2015-09-17,OPERACION,2024-05-13
Sistema,GQA1,GUANAQUITAS,HIDRAULICA,NO DESPACHADO CENTRALMENTE,NORMAL,ISGG,AGUA,2010-06-30,OPERACION,2024-05-13
Sistema,GTPE,GUATAPE,HIDRAULICA,DESPACHADO CENTRALMENTE,NORMAL,EPMG,AGUA,1972-01-01,OPERACION,2024-05-13
Sistema,GTRG,GUATRON,HIDRAULICA,DESPACHADO CENTRALMENTE,NORMAL,EPMG,AGUA,1966-01-01,OPERACION,2024-05-13
Sistema,GVIO,GUAVIO,HIDRAULICA,DESPACHADO CENTRALMENTE,NORMAL,ENDG,AGUA,1993-03-19,OPERACION,2024-05-13
Sistema,GYPO,GUAYEPO,SOLAR,DESPACHADO CENTRALMENTE,NORMAL,ENDG,RAD SOLAR,2022-09-30,PRUEBAS,2024-05-13
Sistema,HMIN,ESCUELA DE MINAS,HIDRAULICA,DESPACHADO CENTRALMENTE,FILO DE AGUA,HDPG,AGUA,2019-09-30,OPERACION,2024-05-13
Sistema,HMLG,MIEL I,HIDRAULICA,DESPACHADO CENTRALMENTE,NORMAL,ISGG,AGUA,2002-12-01,OPERACION,2024-05-13
Sistema,HMO1,HIDROMONTAÑITAS,HIDRAULICA,NO DESPACHADO CENTRALMENTE,FILO DE AGUA,EPSG,AGUA,2012-06-14,OPERACION,2024-05-13
Sistema,HRD1,LA HERRADURA,HIDRAULICA,NO DESPACHADO CENTRALMENTE,FILO DE AGUA,EPMG,AGUA,2004-09-03,OPERACION,2024-05-13
Sistema,INC1,INCAUCA 1,COGENERADOR,NO DESPACHADO CENTRALMENTE,COGENERADOR,NTCG,BAGAZO,1998-10-21,OPERACION,2024-05-13
Sistema,INS1,INSULA,HIDRAULICA,NO DESPACHADO CENTRALMENTE,NORMAL,EPMG,AGUA,1995-07-20,OPERACION,2024-05-13
Sistema,INT1,INTERMEDIA,HIDRAULICA,NO DESPACHADO CENTRALMENTE,GEN. DISTRIBUIDA,EPMG,AGUA,1974-01-01,OPERACION,2024-05-13
Sistema,INZ1,INZA,HIDRAULICA,NO DESPACHADO CENTRALMENTE,GEN. DISTRIBUIDA,GNCG,AGUA,2009-02-05,OPERACION,2024-05-13
Sistema,IQU1,IQUIRA I,HIDRAULICA,NO DESPACHADO CENTRALMENTE,NORMAL,HLAG,AGUA,1955-01-01,OPERACION,2024-05-13
Sistema,IQU2,IQUIRA II,HIDRAULICA,NO DESPACHADO CENTRALMENTE,NORMAL,HLAG,AGUA,1965-01-01,OPERACION,2024-05-13
Sistema,IRG1,INGENIO RISARALDA 1,COGENERADOR,NO DESPACHADO CENTRALMENTE,COGENERADOR,EEPG,BAGAZO,2003-08-15,OPERACION,2024-05-13
Sistema,JAGS,JAGUAS,HIDRAULICA,DESPACHADO CENTRALMENTE,NORMAL,ISGG,AGUA,1988-07-01,OPERACION,2024-05-13
Sistema,JPR1,JEPIRACHI 1 - 15,EOLICA,NO DESPACHADO CENTRALMENTE,NORMAL,EPMG,VIENTO,2004-04-27,OPERACION,2024-05-13
Sistema,LBR1,NUEVO LIBARE,HIDRAULICA,NO DESPACHADO CENTRALMENTE,NORMAL,EEPG,AGUA,1994-01-01,OPERACION,2024-05-13
Sistema,LCS1,LA CASCADA (ANTIOQUIA),HIDRAULICA,NO DESPACHADO CENTRALMENTE,NORMAL,GNCG,AGUA,2007-07-17,OPERACION,2024-05-13
Sistema,LMR1,EL LIMONAR,HIDRAULICA,NO DESPACHADO CENTRALMENTE,NORMAL,ENDG,AGUA,2003-12-06,OPERACION,2024-05-13
Sistema,LPLO,RIO PALO,HIDRAULICA,NO DESPACHADO CENTRALMENTE,NORMAL,GNCG,AGUA,1960-01-01,OPERACION,2024-05-13
Sistema,LTSJ,LA TASAJERA,HIDRAULICA,DESPACHADO CENTRALMENTE,NORMAL,EPMG,AGUA,1994-05-20,OPERACION,2024-05-13
Sistema,MATA,LA MATA,SOLAR,DESPACHADO CENTRALMENTE,NORMAL,SLMG,RAD SOLAR,2023-02-28,PRUEBAS,2024-05-13
Sistema,MIR1,MIROLINDO,HIDRAULICA,NO DESPACHADO CENTRALMENTE,NORMAL,HDTG,AGUA,2004-11-03,OPERACION,2024-05-13
Sistema,MNC1,MUNICIPAL,HIDRAULICA,NO DESPACHADO CENTRALMENTE,NORMAL,EPMG,AGUA,1935-01-01,OPERACION,2024-05-13
Sistema,MND1,MONDOMO,HIDRAULICA,NO DESPACHADO CENTRALMENTE,GEN. DISTRIBUIDA,GNCG,AGUA,1958-01-01,OPERACION,2024-05-13
Sistema,MNT1,MANANTIALES,HIDRAULICA,NO DESPACHADO CENTRALMENTE,NORMAL,EPMG,AGUA,1992-01-01,OPERACION,2024-05-13
Sistema,MOY1,AMOYA LA ESPERANZA,HIDRAULICA,DESPACHADO CENTRALMENTE,FILO DE AGUA,ISGG,AGUA,2013-05-24,OPERACION,2024-05-13
Sistema,MRL1,MERILECTRICA 1,TERMICA,DESPACHADO CENTRALMENTE,NORMAL,EPSG,GAS,1998-02-05,OPERACION,2024-05-13
Sistema,NAV1,LA NAVETA,HIDRAULICA,NO DESPACHADO CENTRALMENTE,NORMAL,IACG,AGUA,2014-11-27,OPERACION,2024-05-13
Sistema,NIM1,NIMA,HIDRAULICA,NO DESPACHADO CENTRALMENTE,NORMAL,EPSG,AGUA,1942-01-01,OPERACION,2024-05-13
Sistema,NQU1,NIQUIA,HIDRAULICA,NO DESPACHADO CENTRALMENTE,NORMAL,EPMG,AGUA,1993-06-28,OPERACION,2024-05-13
Sistema,NTB1,NUTIBARA,HIDRAULICA,NO DESPACHADO CENTRALMENTE,GEN. DISTRIBUIDA,EPMG,AGUA,1997-01-01,OPERACION,2024-05-13
Sistema,OVJ1,OVEJAS,HIDRAULICA,NO DESPACHADO CENTRALMENTE,GEN. DISTRIBUIDA,GNCG,AGUA,1939-01-01,OPERACION,2024-05-13
Sistema,PES1,ITUANGO,HIDRAULICA,DESPACHADO CENTRALMENTE,NORMAL,EPMG,AGUA,2022-12-01,OPERACION,2024-05-13
Sistema,PGUG,PAGUA,HIDRAULICA,DESPACHADO CENTRALMENTE,NORMAL,ENDG,AGUA,1986-12-01,OPERACION,2024-05-13
Sistema,PIC1,INGENIO PICHICHI 1,COGENERADOR,NO DESPACHADO CENTRALMENTE,COGENERADOR,EMEG,BAGAZO,2010-01-26,OPERACION,2024-05-13
Sistema,PJR1,PAJARITO,HIDRAULICA,NO DESPACHADO CENTRALMENTE,NORMAL,EPMG,AGUA,1999-11-25,OPERACION,2024-05-13
Sistema,PLM1,PALMAS SAN GIL,HIDRAULICA,NO DESPACHADO CENTRALMENTE,NORMAL,EPMG,AGUA,1954-01-01,OPERACION,2024-05-13
Sistema,PLU1,URRAO,HIDRAULICA,NO DESPACHADO CENTRALMENTE,NORMAL,DEPG,AGUA,2007-07-30,OPERACION,2024-05-13
Sistema,PLYS,PLAYAS,HIDRAULICA,DESPACHADO CENTRALMENTE,NORMAL,EPMG,AGUA,1988-08-01,OPERACION,2024-05-13
Sistema,PMR1,REMEDIOS,HIDRAULICA,NO DESPACHADO CENTRALMENTE,GEN. DISTRIBUIDA,CIEG,AGUA,2007-09-19,OPERACION,2024-05-13
Sistema,PNC1,COGENERADOR PROENCA,COGENERADOR,NO DESPACHADO CENTRALMENTE,COGENERADOR,PECG,BAGAZO,2014-04-29,OPERACION,2024-05-13
Sistema,PPA1,PAIPA 1,TERMICA,DESPACHADO CENTRALMENTE,NORMAL,HIMG,CARBON,1963-01-01,OPERACION,2024-05-13
Sistema,PPA2,PAIPA 2,TERMICA,DESPACHADO CENTRALMENTE,NORMAL,HIMG,CARBON,1975-01-01,OPERACION,2024-05-13
Sistema,PPA3,PAIPA 3,TERMICA,DESPACHADO CENTRALMENTE,NORMAL,HIMG,CARBON,1982-05-06,OPERACION,2024-05-13
Sistema,PPA4,PAIPA 4,TERMICA,DESPACHADO CENTRALMENTE,NORMAL,SOCG,CARBON,1999-01-08,OPERACION,2024-05-13
Sistema,PPN1,PAPELES NACIONALES,COGENERADOR,NO DESPACHADO CENTRALMENTE,COGENERADOR,NRCG,GAS,2009-02-05,OPERACION,2024-05-13
Sistema,PRC2,PORCE II,HIDRAULICA,DESPACHADO CENTRALMENTE,NORMAL,EPMG,AGUA,2001-04-08,OPERACION,2024-05-13
Sistema,PRC3,PORCE III,HIDRAULICA,DESPACHADO CENTRALMENTE,NORMAL,EPMG,AGUA,2011-02-09,OPERACION,2024-05-13
Sistema,PRD4,PRADO IV,HIDRAULICA,NO DESPACHADO CENTRALMENTE,NORMAL,EPSG,AGUA,1973-03-01,OPERACION,2024-05-13
Sistema,PRDO,PRADO,HIDRAULICA,DESPACHADO CENTRALMENTE,NORMAL,EPSG,AGUA,1973-03-01,OPERACION,2024-05-13
Sistema,PRG1,PROELECTRICA 1,TERMICA,DESPACHADO CENTRALMENTE,NORMAL,PRIG,GAS,1993-07-01,OPERACION,2024-05-13
Sistema,PRG2,PROELECTRICA 2,TERMICA,DESPACHADO CENTRALMENTE,NORMAL,PRIG,GAS,1993-07-01,OPERACION,2024-05-13
Sistema,PRV1,PROVIDENCIA,HIDRAULICA,NO DESPACHADO CENTRALMENTE,NORMAL,HZEG,AGUA,2015-09-30,OPERACION,2024-05-13
Sistema,PST1,PASTALES,HIDRAULICA,NO DESPACHADO CENTRALMENTE,GEN. DISTRIBUIDA,HDTG,AGUA,2004-02-18,OPERACION,2024-05-13
Sistema,PTA1,LA PITA,HIDRAULICA,NO DESPACHADO CENTRALMENTE,NORMAL,HLAG,AGUA,1965-01-01,OPERACION,2024-05-13
Sistema,PTC1,PATICO - LA CABRERA,HIDRAULICA,NO DESPACHADO CENTRALMENTE,NORMAL,CCGG,AGUA,1930-01-01,OPERACION,2024-05-13
Sistema,PTG1,PUENTE GUILLERMO,HIDRAULICA,NO DESPACHADO CENTRALMENTE,NORMAL,NRCG,AGUA,2001-09-01,OPERACION,2024-05-13
Sistema,PTR1,PTAR 1,TERMICA,NO DESPACHADO CENTRALMENTE,NORMAL,EMIG,GAS,2005-11-01,PRUEBAS,2024-05-13
Sistema,QUI1,EL QUIMBO,HIDRAULICA,DESPACHADO CENTRALMENTE,NORMAL,ENDG,AGUA,2015-11-16,OPERACION,2024-05-13
Sistema,RBB1,RIO BOBO,HIDRAULICA,NO DESPACHADO CENTRALMENTE,NORMAL,CDNG,AGUA,1960-01-01,OPERACION,2024-05-13
Sistema,RCIO,RIO RECIO,HIDRAULICA,NO DESPACHADO CENTRALMENTE,GEN. DISTRIBUIDA,HDTG,AGUA,1958-11-01,OPERACION,2024-05-13
Sistema,RCL1,RIO CALI,HIDRAULICA,NO DESPACHADO CENTRALMENTE,NORMAL,EPSG,AGUA,1925-01-01,OPERACION,2024-05-13
Sistema,RFR1,RIO FRIO I,HIDRAULICA,NO DESPACHADO CENTRALMENTE,NORMAL,CETG,AGUA,1954-01-01,OPERACION,2024-05-13
Sistema,RFR2,RIO FRIO II,HIDRAULICA,NO DESPACHADO CENTRALMENTE,FILO DE AGUA,CETG,AGUA,1996-01-01,OPERACION,2024-05-13
Sistema,RGR1,RIO GRANDE,HIDRAULICA,NO DESPACHADO CENTRALMENTE,GEN. DISTRIBUIDA,EPMG,AGUA,2007-12-01,OPERACION,2024-05-13
Sistema,RGRN,RIOGRANDE I,HIDRAULICA,NO DESPACHADO CENTRALMENTE,NORMAL,EPMG,AGUA,1956-01-01,OPERACION,2024-05-13
Sistema,RMR1,RUMOR,HIDRAULICA,NO DESPACHADO CENTRALMENTE,NORMAL,CETG,AGUA,1999-01-01,OPERACION,2024-05-13
Sistema,RMYO,RIO MAYO,HIDRAULICA,NO DESPACHADO CENTRALMENTE,FILO DE AGUA,CDNG,AGUA,1995-07-20,OPERACION,2024-05-13
Sistema,RNG1,RIONEGRO,HIDRAULICA,NO DESPACHADO CENTRALMENTE,NORMAL,SPRG,AGUA,1975-01-01,OPERACION,2024-05-13
Sistema,RPD1,RIO PIEDRAS,HIDRAULICA,NO DESPACHADO CENTRALMENTE,FILO DE AGUA,EPSG,AGUA,2000-03-31,OPERACION,2024-05-13
Sistema,RPL1,INGENIO RIOPAILA 1,COGENERADOR,NO DESPACHADO CENTRALMENTE,COGENERADOR,RPEG,BAGAZO,2018-05-21,OPERACION,2024-05-13
Sistema,SBA1,SUBA,HIDRAULICA,NO DESPACHADO CENTRALMENTE,NORMAL,ENDG,AGUA,2013-04-15,OPERACION,2024-05-13
Sistema,SFC1,SAN FRANCISCO (PUTUMAYO),HIDRAULICA,NO DESPACHADO CENTRALMENTE,GEN. DISTRIBUIDA,GPYG,AGUA,2012-12-15,OPERACION,2024-05-13
Sistema,SJM1,SAN JOSE DE LA MONTAÑA,HIDRAULICA,NO DESPACHADO CENTRALMENTE,GEN. DISTRIBUIDA,GPEG,AGUA,2007-07-30,OPERACION,2024-05-13
Sistema,SJN1,SAJANDI,HIDRAULICA,NO DESPACHADO CENTRALMENTE,NORMAL,GNCG,AGUA,1995-01-01,OPERACION,2024-05-13
Sistema,SJOG,SAN JOSE,HIDRAULICA,NO DESPACHADO CENTRALMENTE,GEN. DISTRIBUIDA,GCEG,AGUA,2003-11-16,OPERACION,2024-05-13
Sistema,SLO1,FUTURA - TERMOSOLO 1,TERMICA,DESPACHADO CENTRALMENTE,NORMAL,TSUG,GAS,2022-12-01,PRUEBAS,2024-05-13
Sistema,SLO2,FUTURA - TERMOSOLO 2,TERMICA,DESPACHADO CENTRALMENTE,NORMAL,TSOG,GAS,2022-12-01,PRUEBAS,2024-05-13
Sistema,SLV1,SILVIA,HIDRAULICA,NO DESPACHADO CENTRALMENTE,GEN. DISTRIBUIDA,GNCG,AGUA,1994-01-01,OPERACION,2024-05-13
Sistema,SLVJ,SALVAJINA,HIDRAULICA,DESPACHADO CENTRALMENTE,NORMAL,EPSG,AGUA,1995-07-20,OPERACION,2024-05-13
Sistema,SMI1,SAN MIGUEL,HIDRAULICA,DESPACHADO CENTRALMENTE,FILO DE AGUA,ISGG,AGUA,2015-12-23,OPERACION,2024-05-13
Sistema,SNC1,SAN CANCIO,HIDRAULICA,NO DESPACHADO CENTRALMENTE,NORMAL,EPMG,AGUA,1929-01-01,OPERACION,2024-05-13
Sistema,SNCR,SAN CARLOS,HIDRAULICA,DESPACHADO CENTRALMENTE,NORMAL,ISGG,AGUA,1984-01-20,OPERACION,2024-05-13
Sistema,SNFR,SAN FRANCISCO,HIDRAULICA,DESPACHADO CENTRALMENTE,FILO DE AGUA,EPMG,AGUA,1969-01-01,OPERACION,2024-05-13
Sistema,SNS1,SONSON,HIDRAULICA,NO DESPACHADO CENTRALMENTE,NORMAL,EPMG,AGUA,2002-06-01,OPERACION,2024-05-13
Sistema,SNT1,SANTA ANA,HIDRAULICA,NO DESPACHADO CENTRALMENTE,NORMAL,ENDG,AGUA,2005-06-09,OPERACION,2024-05-13
Sistema,SOG1,SOGAMOSO,HIDRAULICA,DESPACHADO CENTRALMENTE,NORMAL,ISGG,AGUA,2014-12-20,OPERACION,2024-05-13
Sistema,SPY1,RIO SAPUYES,HIDRAULICA,NO DESPACHADO CENTRALMENTE,NORMAL,CDNG,AGUA,1954-01-01,OPERACION,2024-05-13
Sistema,SRA1,SANTA RITA,HIDRAULICA,NO DESPACHADO CENTRALMENTE,NORMAL,GPEG,AGUA,2010-08-18,OPERACION,2024-05-13
Sistema,STG1,SANTIAGO,HIDRAULICA,NO DESPACHADO CENTRALMENTE,NORMAL,HDTG,AGUA,2011-01-08,OPERACION,2024-05-13
Sistema,SUV1,SUEVA 2,HIDRAULICA,NO DESPACHADO CENTRALMENTE,NORMAL,CMXG,AGUA,2002-05-24,OPERACION,2024-05-13
Sistema,TBQ3,BARRANQUILLA 3,TERMICA,DESPACHADO CENTRALMENTE,NORMAL,TBSG,GAS,1980-01-01,OPERACION,2024-05-13
Sistema,TBQ4,BARRANQUILLA 4,TERMICA,DESPACHADO CENTRALMENTE,NORMAL,TBSG,GAS,1980-01-01,OPERACION,2024-05-13
Sistema,TBST,TEBSAB CC,TERMICA,DESPACHADO CENTRALMENTE,CICLO COMBINADO,TBSG,GAS,1989-10-21,OPERACION,2024-05-13
Sistema,TCBE,TERMOCARIBE III 1,TERMICA,DESPACHADO CENTRALMENTE,NORMAL,TCBG,GLP,2024-03-21,OPERACION,2024-05-13
Sistema,TCDT,TERMOCANDELARIA CC,TERMICA,DESPACHADO CENTRALMENTE,CICLO COMBINADO,TCIG,GAS,2023-10-27,OPERACION,2024-05-13
Sistema,TDR1,TERMODORADA 1,TERMICA,DESPACHADO CENTRALMENTE,NORMAL,EPMG,JET-A1,1997-08-11,OPERACION,2024-05-13
Sistema,TEC1,TERMOEMCALI CC,TERMICA,DESPACHADO CENTRALMENTE,CICLO COMBINADO,TEMG,ACPM,1999-07-16,OPERACION,2024-05-13
Sistema,TFL1,FLORES I CC,TERMICA,DESPACHADO CENTRALMENTE,CICLO COMBINADO,TMFG,GAS,1993-11-01,OPERACION,2024-05-13
Sistema,TFL4,FLORES 4 CC,TERMICA,DESPACHADO CENTRALMENTE,CICLO COMBINADO,TMFG,GAS,2010-12-01,OPERACION,2024-05-13
Sistema,TGJ1,GUAJIRA 1,TERMICA,DESPACHADO CENTRALMENTE,NORMAL,GECG,CARBON,1983-08-08,OPERACION,2024-05-13
Sistema,TGJ2,GUAJIRA 2,TERMICA,DESPACHADO CENTRALMENTE,NORMAL,GECG,CARBON,1987-11-23,OPERACION,2024-05-13
Sistema,TMB1,TERMOBOLIVAR 1,TERMICA,NO DESPACHADO CENTRALMENTE,NORMAL,GSAG,GAS,2016-03-04,OPERACION,2024-05-13
Sistema,TMS1,RIOFRIO (TAMESIS),HIDRAULICA,NO DESPACHADO CENTRALMENTE,GEN. DISTRIBUIDA,EPMG,AGUA,1951-01-01,OPERACION,2024-05-13
Sistema,TPD1,TERMOPIEDRAS,TERMICA,NO DESPACHADO CENTRALMENTE,NORMAL,TRPG,GAS,1999-12-30,OPERACION,2024-05-13
Sistema,TPUY,PARQUE SOLAR TEPUY,SOLAR,DESPACHADO CENTRALMENTE,NORMAL,EPMG,RAD SOLAR,2023-09-30,PRUEBAS,2024-05-13
Sistema,TR2G,TRINA-VATIA BSLII,SOLAR,NO DESPACHADO CENTRALMENTE,NORMAL,ISGG,RAD SOLAR,2021-01-22,OPERACION,2024-05-13
Sistema,TR3G,TRINA-VATIA BSLIII,SOLAR,NO DESPACHADO CENTRALMENTE,NORMAL,ISGG,RAD SOLAR,2020-11-30,OPERACION,2024-05-13
Sistema,TRM1,TERMOCENTRO CC,TERMICA,DESPACHADO CENTRALMENTE,CICLO COMBINADO,TCNG,GAS,2000-11-30,OPERACION,2024-05-13
Sistema,TRN1,TERMONORTE,TERMICA,DESPACHADO CENTRALMENTE,NORMAL,TMNG,COMBUSTOLEO,2018-12-01,OPERACION,2024-05-13
Sistema,TSJ1,TASAJERO 1,TERMICA,DESPACHADO CENTRALMENTE,NORMAL,TRMG,CARBON,1985-02-20,OPERACION,2024-05-13
Sistema,TSJ2,TASAJERO 2,TERMICA,DESPACHADO CENTRALMENTE,NORMAL,TERG,CARBON,2015-11-30,OPERACION,2024-05-13
Sistema,TSR1,TERMOSIERRA CC,TERMICA,DESPACHADO CENTRALMENTE,CICLO COMBINADO,EPMG,ACPM,1998-02-07,OPERACION,2024-05-13
Sistema,TUJ1,TUNJITA,HIDRAULICA,NO DESPACHADO CENTRALMENTE,NORMAL,CHVG,AGUA,2016-06-30,OPERACION,2024-05-13
Sistema,TVL1,TERMOVALLE CC,TERMICA,DESPACHADO CENTRALMENTE,CICLO COMBINADO,TMVG,ACPM,2011-12-17,OPERACION,2024-05-13
Sistema,TYP1,TERMOYOPAL 1,TERMICA,DESPACHADO CENTRALMENTE,NORMAL,TYPG,GAS,2005-03-11,OPERACION,2024-05-13
Sistema,TYP2,TERMOYOPAL 2,TERMICA,DESPACHADO CENTRALMENTE,NORMAL,TYPG,GAS,2004-07-29,OPERACION,2024-05-13
Sistema,TYP3,TERMOYOPAL G3,TERMICA,DESPACHADO CENTRALMENTE,NORMAL,TYPG,GAS,2020-08-31,OPERACION,2024-05-13
Sistema,TYP4,TERMOYOPAL G4,TERMICA,DESPACHADO CENTRALMENTE,NORMAL,TYPG,GAS,2020-08-31,OPERACION,2024-05-13
Sistema,TYP5,TERMOYOPAL G5,TERMICA,DESPACHADO CENTRALMENTE,NORMAL,TYPG,GAS,2021-02-11,OPERACION,2024-05-13
Sistema,UNN1,UNION,HIDRAULICA,NO DESPACHADO CENTRALMENTE,GEN. DISTRIBUIDA,CALG,AGUA,1935-01-01,OPERACION,2024-05-13
Sistema,URA1,URRA,HIDRAULICA,DESPACHADO CENTRALMENTE,NORMAL,EMUG,AGUA,2000-02-14,OPERACION,2024-05-13
Sistema,USQ1,USAQUEN,HIDRAULICA,NO DESPACHADO CENTRALMENTE,NORMAL,ENDG,AGUA,2013-04-15,OPERACION,2024-05-13
Sistema,VLT1,LA VUELTA,HIDRAULICA,NO DESPACHADO CENTRALMENTE,NORMAL,EPMG,AGUA,2004-11-22,OPERACION,2024-05-13
Sistema,VNTA,VENTANA A,HIDRAULICA,NO DESPACHADO CENTRALMENTE,NORMAL,HDTG,AGUA,1957-11-01,OPERACION,2024-05-13
Sistema,VNTB,VENTANA B,HIDRAULICA,NO DESPACHADO CENTRALMENTE,NORMAL,HDTG,AGUA,1957-11-01,OPERACION,2024-05-13
Sistema,ZPA2,ZIPAEMG 2,TERMICA,DESPACHADO CENTRALMENTE,NORMAL,ENDG,CARBON,1964-01-01,OPERACION,2024-05-13
Sistema,ZPA3,ZIPAEMG 3,TERMICA,DESPACHADO CENTRALMENTE,NORMAL,ENDG,CARBON,1976-01-01,OPERACION,2024-05-13
Sistema,ZPA4,ZIPAEMG 4,TERMICA,DESPACHADO CENTRALMENTE,NORMAL,ENDG,CARBON,1981-04-01,OPERACION,2024-05-13
Sistema,ZPA5,ZIPAEMG 5,TERMICA,DESPACHADO CENTRALMENTE,NORMAL,ENDG,CARBON,1985-12-14,OPERACION,2024-05-13
